Action(SiteID=US|Country=US|Currency=USD|Version=585|CC=ISO-8859-1),ItemID,Title,SiteID,Currency,StartPrice,BuyItNowPrice,Quantity,Relationship,RelationshipDetails,CustomLabel
Revise,181963381142,"Maven Polarized Replacement Lenses for Oakley M2 Sunglasses  - Multiple Options",US,USD,,,,,"Lens Color=24K Gold;Earth Brown (non mirror);Emerald Green;Fire red;Ice Blue;Solid Black (non mirror);Titanium;Violet Purple;Black + Ice Blue + Titanium;Fire Red + Emerald Green + Ice Blue",16818804
,,,,,37.99,,0,Variation,"Lens Color=Black + Ice Blue + Titanium","M2 3A- SB IB TI"
,,,,,39.99,,0,Variation,"Lens Color=Fire Red + Emerald Green + Ice Blue","M2 3H- FR EG IB"
,,,,,16.99,,15,Variation,"Lens Color=24K Gold","M2- 24K-2"
,,,,,20.99,,15,Variation,"Lens Color=Violet Purple","M2- VP-2"
,,,,,13.59,,15,Variation,"Lens Color=Earth Brown (non mirror)","M2- EB-2"
,,,,,17.98,,15,Variation,"Lens Color=Emerald Green","M2- EG-2"
,,,,,21.99,,15,Variation,"Lens Color=Fire red","M2- FR-2"
,,,,,22.99,,0,Variation,"Lens Color=Ice Blue","M2- IB-2"
,,,,,20.98,,15,Variation,"Lens Color=Solid Black (non mirror)","M2- SB-2"
,,,,,21.99,,15,Variation,"Lens Color=Titanium","M2- TI-2"
Revise,172031275133,"Maven Polarized Replacement Lenses for Oakley Radar Edge - Multiple Options",US,USD,,,,,"Lens Color=24K Gold;Earth Brown (non mirror);Emerald Green;Fire Red;Ice Blue;Solid Black (non mirror);Titanium;Violet Purple",16819263
,,,,,20.00,,20,Variation,"Lens Color=24K Gold",1447653970-001
,,,,,20.00,,20,Variation,"Lens Color=Earth Brown (non mirror)",1447653970-002
,,,,,20.00,,0,Variation,"Lens Color=Emerald Green",1447653970-003
,,,,,20.00,,20,Variation,"Lens Color=Fire Red",1447653970-004
,,,,,20.00,,0,Variation,"Lens Color=Ice Blue",1447653970-005
,,,,,20.00,,20,Variation,"Lens Color=Solid Black (non mirror)",1447653970-006
,,,,,20.00,,20,Variation,"Lens Color=Titanium",1447653970-007
,,,,,20.00,,20,Variation,"Lens Color=Violet Purple",1447653970-008
Revise,172031277642,"Maven Polarized Replacement Lenses for Oakley RadarLock Edge - Multiple Options",US,USD,,,,,"Lens Color=24K Gold;Earth Brown (non mirror);Emerald Green;Fire Red;Ice Blue;Solid Black (non mirror);Titanium;Violet Purple",16819272
,,,,,13.00,,18,Variation,"Lens Color=24K Gold",1447654676-001
,,,,,12.00,,20,Variation,"Lens Color=Earth Brown (non mirror)",1447654676-002
,,,,,13.00,,0,Variation,"Lens Color=Emerald Green",1447654676-003
,,,,,13.00,,0,Variation,"Lens Color=Fire Red",1447654676-004
,,,,,13.00,,0,Variation,"Lens Color=Ice Blue",1447654676-005
,,,,,12.00,,19,Variation,"Lens Color=Solid Black (non mirror)",1447654676-006
,,,,,13.00,,20,Variation,"Lens Color=Titanium",1447654676-007
,,,,,13.00,,20,Variation,"Lens Color=Violet Purple",1447654676-008
Revise,172031278198,"Maven Polarized Replacement Lenses for Oakley RadarLock Path - Multiple Options",US,USD,,,,,"Lens Color=24K Gold;Earth Brown (non mirror);Emerald Green;Fire Red;Ice Blue;Solid Black (non mirror);Titanium;Violet Purple;Solid Black + Ice Blue + Titanium;Fire Red + Emerald Green + Ice Blue",16782192
,,,,,15.96,,15,Variation,"Lens Color=24K Gold","RADARLOCK PATH- 24K-1"
,,,,,12.59,,15,Variation,"Lens Color=Earth Brown (non mirror)","RADARLOCK PATH- EB-1"
,,,,,17.57,,15,Variation,"Lens Color=Emerald Green","RADARLOCK PATH- EG-1"
,,,,,20.99,,0,Variation,"Lens Color=Fire Red","RADARLOCK PATH- FR-1"
,,,,,21.99,,0,Variation,"Lens Color=Ice Blue","RADARLOCK PATH- IB-1"
,,,,,20.99,,0,Variation,"Lens Color=Solid Black (non mirror)","RADARLOCK PATH- SB-1"
,,,,,21.99,,0,Variation,"Lens Color=Titanium","RADARLOCK PATH- TI-1"
,,,,,35.99,,0,Variation,"Lens Color=Solid Black + Ice Blue + Titanium","RADARLOCK PATH 3A- SB IB TI"
,,,,,38.99,,0,Variation,"Lens Color=Fire Red + Emerald Green + Ice Blue","RADARLOCK PATH 3H- FR EG IB"
,,,,,19.99,,15,Variation,"Lens Color=Violet Purple","RADARLOCK PATH- VP-1"
Revise,182131902299,"Maven Polarized Replacement Lenses for Oakley Antix - Multiple Options",US,USD,,,,,"Lens Color=24K Gold;Earth Brown (non mirror);Emerald Green;Fire Red;Ice Blue;Solid Black (non mirror);Titanium;Violet Purple;Black + Ice Blue + Titanium;Fire Red + Emerald Green + Ice Blue",16819345
,,,,,21.99,,0,Variation,"Lens Color=Solid Black (non mirror)",ANTIX-SB
,,,,,17.89,,0,Variation,"Lens Color=Earth Brown (non mirror)",ANTIX-EB
,,,,,39.99,,0,Variation,"Lens Color=Fire Red + Emerald Green + Ice Blue","ANTIX3H-FR EG IB"
,,,,,38.99,,0,Variation,"Lens Color=Black + Ice Blue + Titanium","ANTIX 3A-SB IB TI"
,,,,,19.99,,10,Variation,"Lens Color=24K Gold",ANTIX-24K
,,,,,19.99,,0,Variation,"Lens Color=Emerald Green",ANTIX-EG
,,,,,22.99,,10,Variation,"Lens Color=Fire Red",ANTIX-FR
,,,,,22.99,,0,Variation,"Lens Color=Ice Blue",ANTIX-IB
,,,,,21.99,,10,Variation,"Lens Color=Titanium",ANTIX-TI
,,,,,20.99,,10,Variation,"Lens Color=Violet Purple",ANTIX-VP
Revise,172175674407,"Maven Polarized Replacement Lenses for Oakley Flak Jacket XLJ - Multiple Options",US,USD,,,,,"Lens Color=24K Gold - Polarized;Deep Blue - Polarized;Brown - Polarized;Emerald Green - Polarized;Fire Red - Polarized;Ice Blue - Polarized;Black - Polarized;Titanium - Polarized;Purple - Polarized;Black + Ice Blue + Titanium;Fire Red + Emerald Green + Ice Blue",16818879
,,,,,22.99,,9,Variation,"Lens Color=Deep Blue - Polarized","FLAKXLJ- DB"
,,,,,34.99,,9,Variation,"Lens Color=Black + Ice Blue + Titanium","FLAKXLJ 3A- SB IB TI"
,,,,,38.99,,10,Variation,"Lens Color=Fire Red + Emerald Green + Ice Blue","FLAKXLJ 3H- FR EG IB"
,,,,,16.59,,15,Variation,"Lens Color=Purple - Polarized","FLAKXLJ- VP"
,,,,,16.19,,15,Variation,"Lens Color=24K Gold - Polarized","FLAKXLJ- 24K"
,,,,,17.99,,15,Variation,"Lens Color=Titanium - Polarized","FLAKXLJ- TI"
,,,,,12.16,,15,Variation,"Lens Color=Brown - Polarized","FLAKXLJ- EB"
,,,,,18.98,,15,Variation,"Lens Color=Black - Polarized","FLAKXLJ- SB"
,,,,,17.18,,15,Variation,"Lens Color=Emerald Green - Polarized","FLAKXLJ- EG"
,,,,,19.99,,15,Variation,"Lens Color=Fire Red - Polarized","FLAKXLJ- FR"
,,,,,22.99,,15,Variation,"Lens Color=Ice Blue - Polarized","FLAKXLJ- IB"
Revise,172175674414,"Maven Polarized Replacement Lenses for Oakley Gascan - Multiple Options",US,USD,,,,,"Lens Color=24K Gold - Polarized;Deep Blue - Polarized;Brown - Polarized;Emerald Green - Polarized;Fire Red - Polarized;Ice Blue - Polarized;Black - Polarized;Titanium - Polarized;Violet Purple - Polarized;Black + Ice Blue + Titanium;Fire Red + Emerald Green + Ice Blue",16818797
,,,,,34.99,,10,Variation,"Lens Color=Black + Ice Blue + Titanium","GASCAN 3A- SB IB TI-1"
,,,,,39.99,,10,Variation,"Lens Color=Fire Red + Emerald Green + Ice Blue","GASCAN 3H- FR EG IB-1"
,,,,,15.99,,10,Variation,"Lens Color=Deep Blue - Polarized","GASCAN- DB-3"
,,,,,12.16,,1,Variation,"Lens Color=Brown - Polarized","GASCAN- EB-2"
,,,,,15.23,,14,Variation,"Lens Color=Black - Polarized","GASCAN- SB-2"
,,,,,15.19,,1,Variation,"Lens Color=24K Gold - Polarized","GASCAN- 24K-2"
,,,,,16.18,,15,Variation,"Lens Color=Emerald Green - Polarized","GASCAN- EG-2"
,,,,,16.99,,14,Variation,"Lens Color=Fire Red - Polarized","GASCAN- FR-2"
,,,,,16.99,,15,Variation,"Lens Color=Ice Blue - Polarized","GASCAN- IB-2"
,,,,,16.89,,14,Variation,"Lens Color=Titanium - Polarized","GASCAN- TI-2"
,,,,,16.59,,14,Variation,"Lens Color=Violet Purple - Polarized","GASCAN- VP-2"
Revise,182101423742,"Maven Polarized Replacement Lenses for Oakley Fuel Cell - Multiple Options",US,USD,,,,,"Lens Color=24K Gold - Polarized;Deep Blue - Polarized;Brown - Polarized;Emerald Green - Polarized;Fire Red - Polarized;Ice Blue - Polarized;Black - Polarized;Titanium - Polarized;Purple - Polarized;Black + Ice Blue + Titanium;Fire Red + Emerald Green + Ice Blue",16818851
,,,,,21.99,,14,Variation,"Lens Color=Purple - Polarized","FUEL CELL- VP-3"
,,,,,21.99,,15,Variation,"Lens Color=Fire Red - Polarized","FUEL CELL- FR-3"
,,,,,22.99,,0,Variation,"Lens Color=Ice Blue - Polarized","FUEL CELL- IB-3"
,,,,,20.99,,15,Variation,"Lens Color=Titanium - Polarized","FUEL CELL- TI-3"
,,,,,20.99,,0,Variation,"Lens Color=Black - Polarized","FUEL CELL- SB-3"
,,,,,16.19,,15,Variation,"Lens Color=24K Gold - Polarized","FUEL CELL- 24K-3"
,,,,,17.98,,0,Variation,"Lens Color=Emerald Green - Polarized","FUEL CELL- EG-3"
,,,,,12.16,,15,Variation,"Lens Color=Brown - Polarized","FUEL CELL- EB-3"
,,,,,34.99,,0,Variation,"Lens Color=Black + Ice Blue + Titanium","FUEL CELL 3A- SB IB TI"
,,,,,38.99,,0,Variation,"Lens Color=Fire Red + Emerald Green + Ice Blue","FUEL CELL 3H- FR EG IB"
,,,,,21.99,,0,Variation,"Lens Color=Deep Blue - Polarized","FUEL CELL- DB-3"
Revise,172177264278,"Maven Polarized Replacement Lenses for Oakley Antix - Multiple Options",UK,GBP,,,,,"Lens Colour=24K Gold - Polarized;Brown - Polarized;Emerald Green - Polarized;Fire Red - Polarized;Ice Blue - Polarized;Black - Polarized;Titanium - Polarized;Purple - Polarized;Black + Ice Blue + Titanium;Fire Red + Emerald Green + Ice Blue",16818799
,,,,,14.53,,0,Variation,"Lens Colour=Ice Blue - Polarized",ANTIX-IB-3
,,,,,13.25,,14,Variation,"Lens Colour=Titanium - Polarized",ANTIX-TI-3
,,,,,12.85,,15,Variation,"Lens Colour=Purple - Polarized",ANTIX-VP-3
,,,,,11.25,,0,Variation,"Lens Colour=Brown - Polarized",ANTIX-EB-3
,,,,,12.53,,0,Variation,"Lens Colour=Black - Polarized",ANTIX-SB-3
,,,,,13.25,,15,Variation,"Lens Colour=24K Gold - Polarized",ANTIX-24K-3
,,,,,12.85,,0,Variation,"Lens Colour=Emerald Green - Polarized",ANTIX-EG-3
,,,,,14.85,,10,Variation,"Lens Colour=Fire Red - Polarized",ANTIX-FR-3
,,,,,28.99,,0,Variation,"Lens Colour=Black + Ice Blue + Titanium","ANTIX3A- SB IB TI-2"
,,,,,29.99,,0,Variation,"Lens Colour=Fire Red + Emerald Green + Ice Blue","ANTIX 3H-FR EG IB-2"
Revise,172177271115,"Maven Polarized Replacement Lenses for Oakley Batwolf - Multiple Options",UK,GBP,,,,,"Lens Colour=24K Gold - Polarized;Deep Blue;Brown - Polarized;Emerald Green - Polarized;Fire Red - Polarized;Ice Blue - Polarized;Black - Polarized;Titanium - Polarized;Purple - Polarized;Black + Ice Blue + Titanium;Fire Red + Emerald Green + Ice Blue",16818757
,,,,,11.21,,15,Variation,"Lens Colour=Brown - Polarized",BATWOLF-EB-2
,,,,,13.75,,13,Variation,"Lens Colour=Black - Polarized",BATWOLF-SB-2
,,,,,13.75,,0,Variation,"Lens Colour=24K Gold - Polarized",BATWOLF-24K-2
,,,,,13.99,,15,Variation,"Lens Colour=Emerald Green - Polarized",BATWOLF-EG-2
,,,,,16.08,,8,Variation,"Lens Colour=Fire Red - Polarized",BATWOLF-FR-2
,,,,,16.99,,10,Variation,"Lens Colour=Ice Blue - Polarized",BATWOLF-IB-2
,,,,,14.75,,14,Variation,"Lens Colour=Titanium - Polarized",BATWOLF-TI-2
,,,,,14.39,,0,Variation,"Lens Colour=Purple - Polarized",BATWOLF-VP-2
,,,,,28.99,,10,Variation,"Lens Colour=Black + Ice Blue + Titanium","BATWOLF3A-SB IB TI"
,,,,,29.99,,10,Variation,"Lens Colour=Fire Red + Emerald Green + Ice Blue","BATWOLF3H- FR EG IB"
,,,,,16.99,,0,Variation,"Lens Colour=Deep Blue",BATWOLF-DB
Revise,182103277813,"Maven Replacement Lenses for Oakley Offshoot Sunglasses- Multiple Options",UK,GBP,,,,,"Lens Colour=24K Gold - Polarized;Deep Blue - Polarized;Brown - Polarized;Emerald Green - Polarized;Fire Red - Polarized;Ice Blue - Polarized;Black - Polarized;Titanium - Polarized;Purple - Polarized;Solid Black + Deep Blue + Titanium;Fire Red + Emerald Green + Deep Blue;Black + Ice Blue + Titanium;Fire Red + Emerald Green + Ice Blue",16818788
,,,,,11.21,,15,Variation,"Lens Colour=Brown - Polarized","OFFSHOOT- EB-1"
,,,,,11.75,,15,Variation,"Lens Colour=Black - Polarized","OFFSHOOT- SB-1"
,,,,,12.75,,15,Variation,"Lens Colour=24K Gold - Polarized","OFFSHOOT- 24K-1"
,,,,,12.35,,15,Variation,"Lens Colour=Emerald Green - Polarized","OFFSHOOT- EG-1"
,,,,,13.72,,15,Variation,"Lens Colour=Fire Red - Polarized","OFFSHOOT- FR-1"
,,,,,13.72,,14,Variation,"Lens Colour=Ice Blue - Polarized","OFFSHOOT- IB-1"
,,,,,12.75,,15,Variation,"Lens Colour=Titanium - Polarized","OFFSHOOT- TI-1"
,,,,,12.35,,15,Variation,"Lens Colour=Purple - Polarized","OFFSHOOT- VP-1"
,,,,,13.72,,0,Variation,"Lens Colour=Deep Blue - Polarized","OFFSHOOT- DB-1"
,,,,,29.99,,0,Variation,"Lens Colour=Solid Black + Deep Blue + Titanium","OFFSHOOT 3ADB- SB DB TI"
,,,,,29.99,,0,Variation,"Lens Colour=Fire Red + Emerald Green + Deep Blue","OFFSHOOT 3HDB- FR EG DB"
,,,,,27.99,,15,Variation,"Lens Colour=Black + Ice Blue + Titanium","OFFSHOOT 3A- SB IB TI-2"
,,,,,29.99,,15,Variation,"Lens Colour=Fire Red + Emerald Green + Ice Blue","OFFSHOOT 3H- FR EG IB-2"
Revise,172177341088,"Maven Polarized Replacement Lenses for Oakley Oil Rig - Multiple Options",UK,GBP,,,,,"Lens Colour=24K Gold - Polarized;Deep Blue - Polarized;Brown - Polarized;Emerald Green - Polarized;Fire Red - Polarized;Ice Blue - Polarized;Black - Polarized;Titanium - Polarized;Purple - Polarized;Solid Black + Deep Blue + Titanium;Fire Red + Emerald green + Deep Blue;Black + Ice Blue + Titanium;Fire Red + Emerald Green + Ice Blue",16818781
,,,,,11.21,,15,Variation,"Lens Colour=Brown - Polarized","OIL RIG- EB-2"
,,,,,11.75,,15,Variation,"Lens Colour=Black - Polarized","OIL RIG- SB-2"
,,,,,12.75,,0,Variation,"Lens Colour=24K Gold - Polarized","OIL RIG- 24K-2"
,,,,,12.35,,15,Variation,"Lens Colour=Emerald Green - Polarized","OIL RIG- EG-2"
,,,,,14.02,,15,Variation,"Lens Colour=Fire Red - Polarized","OIL RIG- FR-2"
,,,,,14.02,,15,Variation,"Lens Colour=Ice Blue - Polarized","OIL RIG- IB-2"
,,,,,12.75,,15,Variation,"Lens Colour=Titanium - Polarized","OIL RIG- TI-2"
,,,,,13.12,,14,Variation,"Lens Colour=Deep Blue - Polarized","OIL RIG- DB-2"
,,,,,29.99,,15,Variation,"Lens Colour=Solid Black + Deep Blue + Titanium","OIL RIG 3ADB- SB DB TI-1"
,,,,,29.99,,15,Variation,"Lens Colour=Fire Red + Emerald green + Deep Blue","OIL RIG 3HDB- FR EG DB-1"
,,,,,27.99,,15,Variation,"Lens Colour=Black + Ice Blue + Titanium","OIL RIG 3A- SB IB TI-2"
,,,,,27.99,,15,Variation,"Lens Colour=Fire Red + Emerald Green + Ice Blue","OIL RIG 3H- FR EG IB-2"
,,,,,12.35,,15,Variation,"Lens Colour=Purple - Polarized","OIL RIG- VP-2"
Revise,182103355927,"Maven Polarized Replacement Lenses for Oakley Fuel Cell - Multiple Options",UK,GBP,,,,,"Lens Colour=24K Gold - Polarized;Deep Blue - Polarized;Brown - Polarized;Emerald Green - Polarized;Fire Red - Polarized;Ice Blue - Polarized;Black - Polarized;Titanium - Polarized;Purple - Polarized;Solid Black + Deep Blue + Titanium;Black + Ice Blue + Titanium;Fire Red + Emerald Green + Deep Blue;Fire Red + Emerald Green + Ice Blue",16818754
,,,,,13.16,,0,Variation,"Lens Colour=Deep Blue - Polarized","FUEL CELL- DB-1"
,,,,,27.99,,0,Variation,"Lens Colour=Black + Ice Blue + Titanium","FUEL CELL 3A- SB IB TI-1"
,,,,,29.99,,0,Variation,"Lens Colour=Fire Red + Emerald Green + Ice Blue","FUEL CELL 3H- FR EG IB-1"
,,,,,26.99,,0,Variation,"Lens Colour=Solid Black + Deep Blue + Titanium","FUEL CELL 3ADB- SB DB TI-1"
,,,,,26.99,,0,Variation,"Lens Colour=Fire Red + Emerald Green + Deep Blue","FUEL CELL 3HDB- FR EG DB-1"
,,,,,9.95,,14,Variation,"Lens Colour=Brown - Polarized","FUEL CELL- EB-2"
,,,,,13.26,,0,Variation,"Lens Colour=Black - Polarized","FUEL CELL- SB-2"
,,,,,12.05,,15,Variation,"Lens Colour=24K Gold - Polarized","FUEL CELL- 24K-2"
,,,,,12.73,,0,Variation,"Lens Colour=Emerald Green - Polarized","FUEL CELL- EG-2"
,,,,,13.29,,14,Variation,"Lens Colour=Fire Red - Polarized","FUEL CELL- FR-2"
,,,,,13.25,,0,Variation,"Lens Colour=Ice Blue - Polarized","FUEL CELL- IB-2"
,,,,,13.25,,13,Variation,"Lens Colour=Titanium - Polarized","FUEL CELL- TI-2"
,,,,,13.02,,14,Variation,"Lens Colour=Purple - Polarized","FUEL CELL- VP-2"
Revise,182103361203,"Maven Replacement Lenses for Oakley Gascan Sunglasses - Multiple Options",UK,GBP,,,,,"Lens Colour=24K Gold - Polarized;Deep Blue - Polarized;Brown - Polarized;Emerald Green - Polarized;Fire Red - Polarized;Ice Blue - Polarized;Black - Polarized;Titanium - Polarized;Purple - Polarized;Solid Black + Deep Blue + Titanium;Fire Red + Emerald Green + Deep Blue;Black + Ice Blue + Titanium;Fire Red + Emerald Green + Ice Blue",16818859
,,,,,14.85,,15,Variation,"Lens Colour=Deep Blue - Polarized","GASCAN- DB-2"
,,,,,24.99,,5,Variation,"Lens Colour=Solid Black + Deep Blue + Titanium","GASCAN 3ADB- SB DB TI"
,,,,,23.99,,5,Variation,"Lens Colour=Fire Red + Emerald Green + Deep Blue","GASCAN 3HDB- FR EG DB"
,,,,,12.72,,15,Variation,"Lens Colour=Titanium - Polarized","GASCAN- TI-1"
,,,,,12.52,,15,Variation,"Lens Colour=Purple - Polarized","GASCAN- VP-1"
,,,,,11.55,,1,Variation,"Lens Colour=24K Gold - Polarized","GASCAN- 24K-1"
,,,,,12.23,,15,Variation,"Lens Colour=Emerald Green - Polarized","GASCAN- EG-1"
,,,,,13.49,,14,Variation,"Lens Colour=Fire Red - Polarized","GASCAN- FR-1"
,,,,,15.99,,10,Variation,"Lens Colour=Ice Blue - Polarized","GASCAN- IB-1"
,,,,,8.45,,1,Variation,"Lens Colour=Brown - Polarized","GASCAN- EB-1"
,,,,,12.76,,15,Variation,"Lens Colour=Black - Polarized","GASCAN- SB-1"
,,,,,24.99,,5,Variation,"Lens Colour=Black + Ice Blue + Titanium","GASCAN 3A- SB IB TI"
,,,,,27.99,,5,Variation,"Lens Colour=Fire Red + Emerald Green + Ice Blue","GASCAN 3H- FR EG IB"
Revise,182103363938,"Maven Polarized Replacement Lenses for Oakley Flak Jacket XLJ - Multiple Options",UK,GBP,,,,,"Lens Colour=24K Gold - Polarized;Deep Blue - Polarized;Brown - Polarized;Emerald Green - Polarized;Fire Red - Polarized;Ice Blue - Polarized;Black - Polarized;Titanium - Polarized;Purple - Polarized;Solid Black + Deep Blue + Titanium;Fire Red + Emerald Green + Deep Blue;Black + Ice Blue + Titanium;Fire Red + Emerald Green + Titanium",16818790
,,,,,24.99,,0,Variation,"Lens Colour=Fire Red + Emerald Green + Titanium","FLAKXLJ 3H- FR EG IB-2"
,,,,,24.99,,0,Variation,"Lens Colour=Black + Ice Blue + Titanium","FLAKXLJ 3A- SB IB TI-2"
,,,,,15.99,,10,Variation,"Lens Colour=Ice Blue - Polarized","FLAKXLJ- IB-2"
,,,,,13.89,,15,Variation,"Lens Colour=Titanium - Polarized","FLAKXLJ- TI-2"
,,,,,13.25,,15,Variation,"Lens Colour=Purple - Polarized","FLAKXLJ- VP-2"
,,,,,9.45,,15,Variation,"Lens Colour=Brown - Polarized","FLAKXLJ- EB-2"
,,,,,13.99,,15,Variation,"Lens Colour=Black - Polarized","FLAKXLJ- SB-2"
,,,,,12.55,,15,Variation,"Lens Colour=24K Gold - Polarized","FLAKXLJ- 24K-2"
,,,,,13.23,,15,Variation,"Lens Colour=Emerald Green - Polarized","FLAKXLJ- EG-2"
,,,,,14.99,,15,Variation,"Lens Colour=Fire Red - Polarized","FLAKXLJ- FR-2"
,,,,,14.16,,15,Variation,"Lens Colour=Deep Blue - Polarized","FLAKXLJ- DB-2"
,,,,,23.99,,15,Variation,"Lens Colour=Solid Black + Deep Blue + Titanium","FLAKXLJ 3ADB- SB DB TI-2-1"
,,,,,23.99,,15,Variation,"Lens Colour=Fire Red + Emerald Green + Deep Blue","FLAKXLJ 3HDB- FR EG DB-2-1"
Revise,182103365162,"Maven Replacement Lenses for Oakley Holbrook Sunglasses - Multiple Options",UK,GBP,,,,,"Lens Colour=24K Gold - Polarized;Deep Blue - Polarized;Brown - Polarized;Emerald Green - Polarized;Fire Red - Polarized;Ice Blue - Polarized;Black - Polarized;Titanium - Polarized;Purple - Polarized;Solid Black + Deep Blue + Titanium;Fire Red + Emerald Green + Deep Blue;Black + Ice Blue + Titanium;Fire Red + Emerald Green + Ice Blue",16818802
,,,,,29.99,,2,Variation,"Lens Colour=Fire Red + Emerald Green + Deep Blue","HOLBROOK 3HDB- FR EG DB-1"
,,,,,26.99,,2,Variation,"Lens Colour=Solid Black + Deep Blue + Titanium","HOLBROOK 3ADB- SB DB TI-1"
,,,,,9.95,,2,Variation,"Lens Colour=Brown - Polarized","HOLBROOK- EB-2"
,,,,,14.26,,15,Variation,"Lens Colour=Black - Polarized","HOLBROOK- SB-2"
,,,,,13.46,,2,Variation,"Lens Colour=24K Gold - Polarized","HOLBROOK- 24K-2"
,,,,,13.73,,2,Variation,"Lens Colour=Emerald Green - Polarized","HOLBROOK- EG-2"
,,,,,14.75,,15,Variation,"Lens Colour=Fire Red - Polarized","HOLBROOK- FR-2"
,,,,,15.37,,10,Variation,"Lens Colour=Ice Blue - Polarized","HOLBROOK- IB-2"
,,,,,14.22,,2,Variation,"Lens Colour=Titanium - Polarized","HOLBROOK- TI-2"
,,,,,14.02,,15,Variation,"Lens Colour=Purple - Polarized","HOLBROOK- VP-2"
,,,,,14.99,,2,Variation,"Lens Colour=Deep Blue - Polarized","HOLBROOK- DB-1-1"
,,,,,26.99,,2,Variation,"Lens Colour=Black + Ice Blue + Titanium","HOLBROOK 3A- SB IB TI-1"
,,,,,29.99,,2,Variation,"Lens Colour=Fire Red + Emerald Green + Ice Blue","HOLBROOK 3H- FR EG IB-1"
Revise,182103368877,"Maven Replacement Lenses for Oakley Half Jacket 2.0 XL - Multiple Options",UK,GBP,,,,,"Lens Colour=24K Gold - Polarized;Brown - Polarized;Emerald Green - Polarized;Fire Red - Polarized;Ice Blue - Polarized;Black - Polarized;Titanium - Polarized;Purple - Polarized",16818815
,,,,,11.79,,2,Variation,"Lens Colour=Fire Red - Polarized","HALF2.0XL- FR-1"
,,,,,8.45,,5,Variation,"Lens Colour=Brown - Polarized","HALF2.0XL- EB-1"
,,,,,11.76,,15,Variation,"Lens Colour=Black - Polarized","HALF2.0XL- SB-1"
,,,,,11.75,,2,Variation,"Lens Colour=Ice Blue - Polarized","HALF2.0XL- IB-1"
,,,,,11.72,,15,Variation,"Lens Colour=Titanium - Polarized","HALF2.0XL- TI-1"
,,,,,11.52,,15,Variation,"Lens Colour=Purple - Polarized","HALF2.0XL- VP-1"
,,,,,10.55,,15,Variation,"Lens Colour=24K Gold - Polarized","HALF2.0XL- 24K-1"
,,,,,11.23,,2,Variation,"Lens Colour=Emerald Green - Polarized","HALF2.0XL- EG-1"
Revise,182103370146,"Maven Replacement Lenses for Oakley Dispatch 2 Sunglasses - Multiple Options",UK,GBP,,,,,"Lens Colour=24K Gold - Polarized;Deep Blue - Polarized;Brown - Polarized;Emerald Green - Polarized;Fire Red - Polarized;Ice Blue - Polarized;Black - Polarized;Titanium - Polarized;Purple - Polarized;Solid Black + Deep Blue + Titanium;Fire Red + Emerald Green + Deep Blue;Black + Ice Blue + Titanium;Fire Red + Emerald Green + Ice Blue",16818784
,,,,,9.45,,0,Variation,"Lens Colour=Brown - Polarized",DISPATCH2-EB-1
,,,,,14.59,,15,Variation,"Lens Colour=Black - Polarized",DISPATCH2-SB-1
,,,,,12.55,,10,Variation,"Lens Colour=24K Gold - Polarized",DISPATCH2-24K-1
,,,,,13.45,,10,Variation,"Lens Colour=Emerald Green - Polarized",DISPATCH2-EG-1
,,,,,15.98,,9,Variation,"Lens Colour=Fire Red - Polarized",DISPATCH2-FR-1
,,,,,15.99,,0,Variation,"Lens Colour=Ice Blue - Polarized",DISPATCH2-IB-1
,,,,,15.46,,15,Variation,"Lens Colour=Titanium - Polarized",DISPATCH2-TI-1
,,,,,13.99,,15,Variation,"Lens Colour=Purple - Polarized",DISPATCH2-VP-1
,,,,,27.99,,0,Variation,"Lens Colour=Black + Ice Blue + Titanium","DISPATCH2 3A- SB IB TI"
,,,,,29.99,,0,Variation,"Lens Colour=Fire Red + Emerald Green + Ice Blue","DISPATCH2 3H- FR EG IB"
,,,,,27.99,,1,Variation,"Lens Colour=Solid Black + Deep Blue + Titanium","DISPATCH23A- SB DB TI-1"
,,,,,29.99,,1,Variation,"Lens Colour=Fire Red + Emerald Green + Deep Blue","DISPATCH23H- FR EG DB-1"
,,,,,14.55,,13,Variation,"Lens Colour=Deep Blue - Polarized",DISPATCH2-DB-1
Revise,172177360676,"Maven Replacement Lenses for Oakley Fast Jacket XL - Multiple Options",UK,GBP,,,,,"Lens Colour=24K Gold - Polarized;Deep Blue - Polarized;Brown - Polarized;Emerald Green - Polarized;Fire Red - Polarized;Ice Blue - Polarized;Black - Polarized;Titanium - Polarized;Purple - Polarized;Solid Black + Deep Blue + Titanium;Fire Red + Emerald Green + Deep Blue;Black + Ice Blue + Titanium;Fire Red + Emerald Green + Ice Blue",16818796
,,,,,14.59,,0,Variation,"Lens Colour=Deep Blue - Polarized","FAST XL- DB-2"
,,,,,22.99,,0,Variation,"Lens Colour=Solid Black + Deep Blue + Titanium","FAST XL 3ADB- SB DB TI-2"
,,,,,24.99,,0,Variation,"Lens Colour=Fire Red + Emerald Green + Deep Blue","FAST XL 3HDB- FR EG FR-2"
,,,,,22.99,,0,Variation,"Lens Colour=Black + Ice Blue + Titanium","FAST XL 3A- SB IB TI-1"
,,,,,24.99,,0,Variation,"Lens Colour=Fire Red + Emerald Green + Ice Blue","FAST XL 3H- FR EG IB-1"
,,,,,9.95,,15,Variation,"Lens Colour=Brown - Polarized","FAST XL- EB-2"
,,,,,14.06,,0,Variation,"Lens Colour=Black - Polarized","FAST XL- SB-2"
,,,,,13.02,,15,Variation,"Lens Colour=24K Gold - Polarized","FAST XL- 24K-2"
,,,,,13.73,,15,Variation,"Lens Colour=Emerald Green - Polarized","FAST XL- EG-2"
,,,,,14.29,,15,Variation,"Lens Colour=Fire Red - Polarized","FAST XL- FR-2"
,,,,,15.29,,0,Variation,"Lens Colour=Ice Blue - Polarized","FAST XL- IB-2"
,,,,,14.22,,0,Variation,"Lens Colour=Titanium - Polarized","FAST XL- TI-2"
,,,,,13.02,,15,Variation,"Lens Colour=Purple - Polarized","FAST XL- VP-2"
Revise,172177362622,"Maven Replacement Lenses for Oakley Jawbone / Racing Jacket - Multiple Options",UK,GBP,,,,,"Lens Colour=24K Gold - Polarized;Deep Blue - Polarized;Brown - Polarized;Emerald Green - Polarized;Fire Red - Polarized;Ice Blue - Polarized;Black - Polarized;Titanium - Polarized;Purple - Polarized;Solid Black + Deep Blue + Titanium;Fire Red + Emerald Green + Deep Blue;Black + Ice Blue + Titanium;Fire Red + Emerald Green + Ice Blue",16818800
,,,,,14.02,,0,Variation,"Lens Colour=Deep Blue - Polarized","JAWBONE- DB-2"
,,,,,22.99,,0,Variation,"Lens Colour=Solid Black + Deep Blue + Titanium","JAWBONE 3ADB- SB DB TI"
,,,,,23.99,,0,Variation,"Lens Colour=Fire Red + Emerald Green + Deep Blue","JAWBONE 3HDB- FR EG DB"
,,,,,23.99,,0,Variation,"Lens Colour=Black + Ice Blue + Titanium","JAWBONE 3A- SB IB TI-1"
,,,,,26.99,,0,Variation,"Lens Colour=Fire Red + Emerald Green + Ice Blue","JAWBONE 3H- FR EG IB-1"
,,,,,13.23,,15,Variation,"Lens Colour=Emerald Green - Polarized","JAWBONE- EG-3"
,,,,,13.99,,15,Variation,"Lens Colour=Fire Red - Polarized","JAWBONE- FR-3"
,,,,,14.99,,0,Variation,"Lens Colour=Ice Blue - Polarized","JAWBONE- IB-3"
,,,,,13.72,,14,Variation,"Lens Colour=Titanium - Polarized","JAWBONE- TI-3"
,,,,,13.52,,15,Variation,"Lens Colour=Purple - Polarized","JAWBONE- VP-3"
,,,,,9.75,,15,Variation,"Lens Colour=Brown - Polarized","JAWBONE- EB-3"
,,,,,13.99,,12,Variation,"Lens Colour=Black - Polarized","JAWBONE- SB-3"
,,,,,12.55,,14,Variation,"Lens Colour=24K Gold - Polarized","JAWBONE- 24K-3"
Revise,182103381120,"Maven Replacement Lenses for Oakley M Frame Heater Sunglasses - Multiple Options",UK,GBP,,,,,"Lens Colour=24K Gold - Polarized;Deep Blue - Polarized;Brown - Polarized;Emerald Green - Polarized;Fire Red - Polarized;Ice Blue - Polarized;Black - Polarized;Titanium - Polarized;Purple - Polarized;Solid Black + Deep Blue + Titanium;Fire Red + Emerald Green + Deep Blue;Black + Ice Blue + Titanium;Fire Red + Emerald Green + Ice Blue",16818780
,,,,,29.99,,0,Variation,"Lens Colour=Fire Red + Emerald Green + Deep Blue","MF HTR 3HDB- FR EG DB-1"
,,,,,11.41,,14,Variation,"Lens Colour=Brown - Polarized","MF HTR- EB-1"
,,,,,11.95,,15,Variation,"Lens Colour=Black - Polarized","MF HTR- SB-1"
,,,,,12.95,,15,Variation,"Lens Colour=24K Gold - Polarized","MF HTR- 24K-1"
,,,,,12.55,,15,Variation,"Lens Colour=Emerald Green - Polarized","MF HTR- EG-1"
,,,,,14.22,,15,Variation,"Lens Colour=Fire Red - Polarized","MF HTR- FR-1"
,,,,,14.22,,0,Variation,"Lens Colour=Ice Blue - Polarized","MF HTR- IB-1"
,,,,,12.95,,15,Variation,"Lens Colour=Titanium - Polarized","MF HTR- TI-1"
,,,,,12.55,,14,Variation,"Lens Colour=Purple - Polarized","MF HTR- VP-1"
,,,,,28.99,,14,Variation,"Lens Colour=Fire Red + Emerald Green + Ice Blue","MF HTR 3H- FR EG IB"
,,,,,14.06,,15,Variation,"Lens Colour=Deep Blue - Polarized","MF HTR- DB-1"
,,,,,27.99,,15,Variation,"Lens Colour=Solid Black + Deep Blue + Titanium","MF HTR 3ADB- SB DB TI-1"
,,,,,29.99,,0,Variation,"Lens Colour=Black + Ice Blue + Titanium","MF HTR 3A- SB IB TI"
Revise,182103384730,"Maven Replacement Lenses for Oakley M Frame Sweep Sunglasses - Multiple Options",UK,GBP,,,,,"Lens Colour=24K Gold - Polarized;Deep Blue - Polarized;Brown - Polarized;Emerald Green - Polarized;Fire Red - Polarized;Ice Blue - Polarized;Black - Polarized;Titanium - Polarized;Purple - Polarized;Solid Black + Deep Blue + Titanium;Fire Red + Emerald Green + Deep Blue;Black + Ice Blue + Titanium;Fire Red + Emerald Green + Ice Blue",16818783
,,,,,15.05,,15,Variation,"Lens Colour=Deep Blue - Polarized","MF SWP- DB-1"
,,,,,27.99,,15,Variation,"Lens Colour=Solid Black + Deep Blue + Titanium","MF SWP 3ADB- SB DB TI-1"
,,,,,13.55,,15,Variation,"Lens Colour=Purple - Polarized","MF SWP- VP-1"
,,,,,12.95,,15,Variation,"Lens Colour=24K Gold - Polarized","MF SWP- 24K-1"
,,,,,13.55,,15,Variation,"Lens Colour=Emerald Green - Polarized","MF SWP- EG-1"
,,,,,15.22,,15,Variation,"Lens Colour=Fire Red - Polarized","MF SWP- FR-1"
,,,,,15.22,,13,Variation,"Lens Colour=Ice Blue - Polarized","MF SWP- IB-1"
,,,,,14.95,,15,Variation,"Lens Colour=Titanium - Polarized","MF SWP- TI-1"
,,,,,11.41,,15,Variation,"Lens Colour=Brown - Polarized","MF SWP- EB-1"
,,,,,13.95,,14,Variation,"Lens Colour=Black - Polarized","MF SWP- SB-1"
,,,,,27.99,,15,Variation,"Lens Colour=Fire Red + Emerald Green + Deep Blue","MF SWP 3HDB- FR EG DB-1"
,,,,,29.99,,15,Variation,"Lens Colour=Black + Ice Blue + Titanium","MF SWP 3A- SB IB TI-1"
,,,,,29.99,,15,Variation,"Lens Colour=Fire Red + Emerald Green + Ice Blue","MF SWP 3H- FR EG IB-1"
Revise,182103386397,"Maven Replacement Lenses for Oakley Radar Edge Sunglasses - Multiple Options",UK,GBP,,,,,"Lens Colour=Brown - Polarized;Black - Polarized;24K Gold - Polarized;Emerald Green - Polarized;Fire Red - Polarized;Ice Blue - Polarized;Titanium - Polarized;Purple - Polarized",16819034
,,,,,12.52,,6,Variation,"Lens Colour=Fire Red - Polarized",1461395377-005-22
,,,,,12.52,,0,Variation,"Lens Colour=Ice Blue - Polarized",1461395377-006-22
,,,,,11.25,,14,Variation,"Lens Colour=Titanium - Polarized",1461395377-007-22
,,,,,10.85,,15,Variation,"Lens Colour=Purple - Polarized",1461395377-008-22
,,,,,9.71,,15,Variation,"Lens Colour=Brown - Polarized",1461395377-001-21
,,,,,10.25,,11,Variation,"Lens Colour=Black - Polarized",1461395377-002-21
,,,,,11.25,,15,Variation,"Lens Colour=24K Gold - Polarized",1461395377-003-21
,,,,,10.85,,0,Variation,"Lens Colour=Emerald Green - Polarized",1461395377-004-22
Revise,182103388469,"Maven Replacement Lenses for Oakley Radar Path Sunglasses - Multiple Options",UK,GBP,,,,,"Lens Colour=24K Gold - Polarized;Deep Blue - Polarized;Brown - Polarized;Emerald Green - Polarized;Fire Red - Polarized;Ice Blue - Polarized;Black - Polarized;Titanium - Polarized;Purple - Polarized;Solid Black + Ice Blue + Titanium;Fire Red + Emerald Green + Ice Blue;Solid Black + Deep Blue + Titanium;Fire Red + Emerald Green + Deep Blue",16818819
,,,,,15.99,,0,Variation,"Lens Colour=Ice Blue - Polarized","RADAR PATH- IB-3"
,,,,,14.99,,15,Variation,"Lens Colour=Titanium - Polarized","RADAR PATH- TI-3"
,,,,,13.99,,15,Variation,"Lens Colour=Purple - Polarized","RADAR PATH- VP-3"
,,,,,24.99,,0,Variation,"Lens Colour=Fire Red + Emerald Green + Ice Blue","RADAR PATH 3H- FR EG IB-1"
,,,,,23.99,,0,Variation,"Lens Colour=Solid Black + Deep Blue + Titanium","RADAR PATH 3ADB- SB DB TI"
,,,,,14.99,,0,Variation,"Lens Colour=Deep Blue - Polarized","RADAR PATH- DB-2"
,,,,,28.99,,0,Variation,"Lens Colour=Fire Red + Emerald Green + Deep Blue","RADAR PATH 3HDC- FR EG DB"
,,,,,29.99,,0,Variation,"Lens Colour=Solid Black + Ice Blue + Titanium","RADAR PATH 3A- SB IB TI-1"
,,,,,10.21,,15,Variation,"Lens Colour=Brown - Polarized","RADAR PATH- EB-3"
,,,,,14.59,,0,Variation,"Lens Colour=Black - Polarized","RADAR PATH- SB-3"
,,,,,12.75,,15,Variation,"Lens Colour=24K Gold - Polarized","RADAR PATH- 24K-3"
,,,,,13.54,,0,Variation,"Lens Colour=Emerald Green - Polarized","RADAR PATH- EG-3"
,,,,,15.99,,15,Variation,"Lens Colour=Fire Red - Polarized","RADAR PATH- FR-3"
Revise,182103392209,"Maven Replacement Lenses for Oakley RadarLock Edge Sunglasses - Multiple Options",UK,GBP,,,,,"Lens Colour=Brown - Polarized;Black - Polarized;24K Gold - Polarized;Emerald Green - Polarized;Fire Red - Polarized;Ice Blue - Polarized;Titanium - Polarized;Purple - Polarized",16818765
,,,,,9.71,,15,Variation,"Lens Colour=Brown - Polarized",1461395377-001-2
,,,,,10.25,,15,Variation,"Lens Colour=Black - Polarized",1461395377-002-2
,,,,,11.25,,15,Variation,"Lens Colour=24K Gold - Polarized",1461395377-003-2
,,,,,10.85,,0,Variation,"Lens Colour=Emerald Green - Polarized",1461395377-004-2
,,,,,12.52,,0,Variation,"Lens Colour=Fire Red - Polarized",1461395377-005-2
,,,,,12.52,,0,Variation,"Lens Colour=Ice Blue - Polarized",1461395377-006-2
,,,,,11.25,,14,Variation,"Lens Colour=Titanium - Polarized",1461395377-007-2
,,,,,10.85,,15,Variation,"Lens Colour=Purple - Polarized",1461395377-008-2
Revise,172177380737,"Maven Replacement Lenses for Oakley RadarLock Path Sunglasses - Multiple Options",UK,GBP,,,,,"Lens Colour=24K Gold - Polarized;Deep Blue - Polarized;Brown - Polarized;Emerald Green - Polarized;Fire Red - Polarized;Ice Blue - Polarized;Black - Polarized;Titanium - Polarized;Purple - Polarized;Solid Black + Deep Blue + Titanium;Fire Red + Emerald Green + Deep Blue;Solid Black + Ice Blue + Titanium;Fire Red + Emerald Green + Ice Blue",16818803
,,,,,14.05,,15,Variation,"Lens Colour=Deep Blue - Polarized","RADARLOCK PATH- 2DB"
,,,,,23.99,,0,Variation,"Lens Colour=Solid Black + Deep Blue + Titanium","RADARLOCK PATH 3ADB- SB DB TI"
,,,,,24.99,,0,Variation,"Lens Colour=Fire Red + Emerald Green + Ice Blue","RADARLOCK PATH 3H- FR EG IB-1"
,,,,,24.99,,0,Variation,"Lens Colour=Fire Red + Emerald Green + Deep Blue","RADARLOCK PATH 3HDB- FR EG DB"
,,,,,26.99,,0,Variation,"Lens Colour=Solid Black + Ice Blue + Titanium","RADARLOCK PATH 3A- SB IB TI-1"
,,,,,11.21,,15,Variation,"Lens Colour=Brown - Polarized","RADARLOCK PATH- EB-2"
,,,,,14.99,,0,Variation,"Lens Colour=Black - Polarized","RADARLOCK PATH- SB-2"
,,,,,12.75,,15,Variation,"Lens Colour=24K Gold - Polarized","RADARLOCK PATH- 24K-2"
,,,,,13.50,,15,Variation,"Lens Colour=Emerald Green - Polarized","RADARLOCK PATH- EG-2"
,,,,,15.99,,0,Variation,"Lens Colour=Fire Red - Polarized","RADARLOCK PATH- FR-2"
,,,,,16.99,,0,Variation,"Lens Colour=Ice Blue - Polarized","RADARLOCK PATH- IB-2"
,,,,,14.99,,0,Variation,"Lens Colour=Titanium - Polarized","RADARLOCK PATH- TI-2"
,,,,,13.99,,15,Variation,"Lens Colour=Purple - Polarized","RADARLOCK PATH- VP-2"
Revise,182326984994,"Polarized Replacement Lenses For Oakley Antix Sunglasses - Multiple Options",Australia,AUD,,,,,"Colour=24K Gold;Brown;Emerald Green;Fire Red;Ice Blue;Black;Titanium;Purple;Black + Ice Blue + Titanium;Fire Red + Emerald Green + Ice Blue",17199230
,,,,,43.99,,0,Variation,"Colour=Black + Ice Blue + Titanium","ANTIX3A- SB IB TI"
,,,,,47.99,,0,Variation,"Colour=Fire Red + Emerald Green + Ice Blue","ANTIX 3H-FR EG IB"
,,,,,22.58,,0,Variation,Colour=Brown,ANTIX-EB-1
,,,,,22.58,,0,Variation,Colour=Black,ANTIX-SB-1
,,,,,23.58,,10,Variation,"Colour=24K Gold",ANTIX-24K-1
,,,,,24.58,,0,Variation,"Colour=Emerald Green",ANTIX-EG-1
,,,,,25.58,,10,Variation,"Colour=Fire Red",ANTIX-FR-1
,,,,,25.58,,0,Variation,"Colour=Ice Blue",ANTIX-IB-1
,,,,,24.58,,10,Variation,Colour=Titanium,ANTIX-TI-1
,,,,,23.58,,10,Variation,Colour=Purple,ANTIX-VP-1
Revise,182327004532,"Polarized Replacement Lenses For Oakley Batwolf Sunglasses - Multiple Options",Australia,AUD,,,,,"Colour=24K Gold;Brown;Deep Blue;Emerald Green;Fire Red;Ice Blue;Black;Titanium;Purple;Black + Deep Blue + Titanium;Fire Red + Emerald Green + Deep Blue;Black + Ice Blue + Titanium;Fire Red + Emerald Green + Ice Blue",17199288
,,,,,24.58,,0,Variation,"Colour=24K Gold","BATWOLF- 24K"
,,,,,24.58,,10,Variation,"Colour=Emerald Green","BATWOLF- EG"
,,,,,26.58,,9,Variation,"Colour=Fire Red","BATWOLF- FR"
,,,,,26.58,,8,Variation,"Colour=Ice Blue","BATWOLF- IB"
,,,,,25.58,,0,Variation,"Colour=Deep Blue","BATWOLF- DB"
,,,,,23.58,,10,Variation,Colour=Titanium,"BATWOLF- TI"
,,,,,22.58,,0,Variation,Colour=Purple,"BATWOLF- VP"
,,,,,49.98,,0,Variation,"Colour=Black + Deep Blue + Titanium","BATWOLF 3ADB- SB DB TI"
,,,,,49.98,,0,Variation,"Colour=Fire Red + Emerald Green + Deep Blue","BATWOLF 3HDB- FR EG DB"
,,,,,23.58,,9,Variation,Colour=Brown,"BATWOLF- EB"
,,,,,23.58,,8,Variation,Colour=Black,"BATWOLF- SB"
,,,,,49.99,,3,Variation,"Colour=Black + Ice Blue + Titanium","BATWOLF 3A- SB IB TI"
,,,,,49.99,,5,Variation,"Colour=Fire Red + Emerald Green + Ice Blue","BATWOLF 3H- FR EG IB"
Revise,182327016299,"Polarized Replacement Lenses For Oakley Offshoot Sunglasses - Multiple Options",Australia,AUD,,,,,"Colour=24K Gold;Deep Blue;Brown;Emerald Green;Fire Red;Ice Blue;Black;Titanium;Purple;Black + Deep Blue + Titanium;Fire Red + Emerald Green + Deep Blue;Black + Ice Blue + Titanium;Fire Red + Emerald Green + Ice Blue",17199408
,,,,,24.58,,10,Variation,"Colour=24K Gold","OFFSHOOT- 24K"
,,,,,24.58,,15,Variation,"Colour=Emerald Green","OFFSHOOT- EG"
,,,,,26.58,,15,Variation,"Colour=Fire Red","OFFSHOOT- FR"
,,,,,26.58,,15,Variation,"Colour=Ice Blue","OFFSHOOT- IB"
,,,,,23.58,,15,Variation,Colour=Titanium,"OFFSHOOT- TI"
,,,,,25.58,,0,Variation,"Colour=Deep Blue","OFFSHOOT- DB"
,,,,,22.58,,15,Variation,Colour=Purple,"OFFSHOOT- VP"
,,,,,49.98,,0,Variation,"Colour=Black + Deep Blue + Titanium","OFFSHOOT 3ADB- SB DB TI-1"
,,,,,49.98,,0,Variation,"Colour=Fire Red + Emerald Green + Deep Blue","OFFSHOOT 3HDB- FR EG DB-1"
,,,,,23.58,,8,Variation,Colour=Brown,"OFFSHOOT- EB"
,,,,,23.58,,15,Variation,Colour=Black,"OFFSHOOT- SB"
,,,,,47.99,,15,Variation,"Colour=Black + Ice Blue + Titanium","OFFSHOOT 3A- SB IB TI-1"
,,,,,49.99,,15,Variation,"Colour=Fire Red + Emerald Green + Ice Blue","OFFSHOOT 3H- FR EG IB-1"
Revise,182327020687,"Polarized Replacement Lenses For Oakley Oil Rig Sunglasses - Multiple Options",Australia,AUD,,,,,"Colour=24K Gold;Deep Blue;Brown;Black;Emerald Green;Fire Red;Ice Blue;Titanium;Purple;Black + Deep Blue + Titanium;Fire Red + Emerald Green + Deep Blue;Black + Ice Blue + Titanium;Fire Red + Emerald Green + Ice Blue",17199519
,,,,,23.58,,9,Variation,Colour=Titanium,"OIL RIG- TI"
,,,,,22.58,,10,Variation,Colour=Purple,"OIL RIG- VP"
,,,,,49.98,,10,Variation,"Colour=Black + Deep Blue + Titanium","OIL RIG 3ADB- SB DB TI"
,,,,,23.58,,10,Variation,Colour=Brown,"OIL RIG- EB"
,,,,,23.58,,10,Variation,Colour=Black,"OIL RIG- SB"
,,,,,24.58,,0,Variation,"Colour=24K Gold","OIL RIG- 24K"
,,,,,24.58,,10,Variation,"Colour=Emerald Green","OIL RIG- EG"
,,,,,26.58,,10,Variation,"Colour=Fire Red","OIL RIG- FR"
,,,,,26.58,,10,Variation,"Colour=Ice Blue","OIL RIG- IB"
,,,,,25.58,,10,Variation,"Colour=Deep Blue","OIL RIG- DB"
,,,,,49.98,,10,Variation,"Colour=Fire Red + Emerald Green + Deep Blue","OIL RIG 3HDB- FR EG DB"
,,,,,49.99,,10,Variation,"Colour=Black + Ice Blue + Titanium","OIL RIG 3A- SB IB TI-1"
,,,,,49.99,,10,Variation,"Colour=Fire Red + Emerald Green + Ice Blue","OIL RIG 3H- FR EG IB-1"
Revise,172385399422,"Polarized Replacement Lenses For Oakley Radar Path Sunglasses - Multiple Options",Australia,AUD,,,,,"Colour=24K Gold;Deep Blue;Brown;Emerald Green;Fire Red;Ice Blue;Black;Titanium;Purple;Black + Deep Blue + Titanium;Fire Red + Emerald Green + Deep Blue;Solid Black + Ice Blue + Titanium;Fire Red + Emerald Green + Ice Blue",17199673
,,,,,23.58,,9,Variation,Colour=Titanium,"RADAR PATH- TI"
,,,,,22.58,,10,Variation,Colour=Purple,"RADAR PATH- VP"
,,,,,49.98,,0,Variation,"Colour=Black + Deep Blue + Titanium","RADAR PATH 3ADB- SB DB TI-2"
,,,,,49.98,,0,Variation,"Colour=Fire Red + Emerald Green + Deep Blue","RADAR PATH 3HDC- FR EG DB-2"
,,,,,23.58,,10,Variation,Colour=Brown,"RADAR PATH- EB"
,,,,,23.58,,0,Variation,Colour=Black,"RADAR PATH- SB"
,,,,,24.58,,10,Variation,"Colour=24K Gold","RADAR PATH- 24K"
,,,,,24.58,,0,Variation,"Colour=Emerald Green","RADAR PATH- EG"
,,,,,26.58,,10,Variation,"Colour=Fire Red","RADAR PATH- FR"
,,,,,26.58,,0,Variation,"Colour=Ice Blue","RADAR PATH- IB"
,,,,,25.58,,0,Variation,"Colour=Deep Blue","RADAR PATH- DB"
,,,,,49.99,,0,Variation,"Colour=Solid Black + Ice Blue + Titanium","RADAR PATH 3A- SB IB TI-2"
,,,,,49.99,,0,Variation,"Colour=Fire Red + Emerald Green + Ice Blue","RADAR PATH 3H- FR EG IB-2"
Revise,172385402186,"Polarized Replacement Lenses For Oakley RadarLock Path Sunglasses- Multi Options",Australia,AUD,,,,,"Colour=Brown;Black;24K Gold;Emerald Green;Fire Red;Ice Blue;Deep Blue;Titanium;Purple;Black + Deep Blue + Titanium;Fire Red + Emerald Green + Deep Blue;Solid Black + Ice Blue + Titanium;Fire Red + Emerald Green + Ice Blue",17199706
,,,,,24.58,,10,Variation,"Colour=Emerald Green","RADARLOCK PATH- EG"
,,,,,26.58,,0,Variation,"Colour=Fire Red","RADARLOCK PATH- FR"
,,,,,26.58,,0,Variation,"Colour=Ice Blue","RADARLOCK PATH- IB"
,,,,,25.58,,10,Variation,"Colour=Deep Blue","RADARLOCK PATH- DB"
,,,,,23.58,,0,Variation,Colour=Titanium,"RADARLOCK PATH- TI"
,,,,,22.58,,10,Variation,Colour=Purple,"RADARLOCK PATH- VP"
,,,,,49.98,,0,Variation,"Colour=Black + Deep Blue + Titanium","RADARLOCK PATH 3ADB- SB DB TI-1"
,,,,,49.98,,0,Variation,"Colour=Fire Red + Emerald Green + Deep Blue","RADARLOCK PATH 3HDB- FR EG DB-1"
,,,,,23.58,,10,Variation,Colour=Brown,"RADARLOCK PATH- EB"
,,,,,23.58,,0,Variation,Colour=Black,"RADARLOCK PATH- SB"
,,,,,24.58,,10,Variation,"Colour=24K Gold","RADARLOCK PATH- 24K"
,,,,,49.99,,0,Variation,"Colour=Solid Black + Ice Blue + Titanium","RADARLOCK PATH 3A- SB IB TI-2"
,,,,,49.99,,0,Variation,"Colour=Fire Red + Emerald Green + Ice Blue","RADARLOCK PATH 3H- FR EG IB-2"
Revise,182327048740,"Polarized Replacement Lenses For Oakley Dispatch 2 Sunglasses - Multiple Options",Australia,AUD,,,,,"Colour=24K Gold;Deep Blue;Brown;Emerald Green;Fire Red;Ice Blue;Black;Titanium;Purple;Black + Deep Blue + Titanium;Fire Red + Emerald Green + Deep Blue;Black + Ice Blue + Titanium;Fire Red + Emerald Green + Ice Blue",17199771
,,,,,22.58,,10,Variation,Colour=Titanium,"DISPATCH 2- TI"
,,,,,21.58,,10,Variation,Colour=Purple,"DISPATCH 2- VP"
,,,,,42.98,,2,Variation,"Colour=Black + Deep Blue + Titanium","DISPATCH23A- SB DB TI-2"
,,,,,42.98,,2,Variation,"Colour=Fire Red + Emerald Green + Deep Blue","DISPATCH23H- FR EG DB-2"
,,,,,21.58,,0,Variation,Colour=Brown,"DISPATCH 2- EB"
,,,,,22.58,,10,Variation,Colour=Black,"DISPATCH 2- SB"
,,,,,23.58,,10,Variation,"Colour=24K Gold",DISPATCH2-24K-2
,,,,,24.58,,10,Variation,"Colour=Emerald Green","DISPATCH 2- EG"
,,,,,25.58,,10,Variation,"Colour=Fire Red","DISPATCH 2- FR"
,,,,,25.58,,0,Variation,"Colour=Ice Blue","DISPATCH 2- IB"
,,,,,25.58,,10,Variation,"Colour=Deep Blue","DISPATCH 2- DB"
,,,,,42.98,,0,Variation,"Colour=Black + Ice Blue + Titanium","DISPATCH2 3A- SB IB TI-1"
,,,,,42.98,,0,Variation,"Colour=Fire Red + Emerald Green + Ice Blue","DISPATCH2 3H- FR EG IB-1"
Revise,172385413810,"Polarized Replacement Lenses For Oakley Eyepatch 2 Sunglasses - Multiple Options",Australia,AUD,,,,,"Colour=24K Gold;Deep Blue;Brown;Emerald Green;Fire Red;Ice Blue;Black;Titanium;Purple;Black + Deep Blue + Titanium;Fire Red + Emerald Green + Deep Blue;Black + Ice Blue + Titanium;Fire Red + Emerald Green + Ice Blue",17199804
,,,,,21.58,,9,Variation,Colour=Purple,"EYEPATCH 2- VP"
,,,,,42.98,,5,Variation,"Colour=Black + Deep Blue + Titanium","EYEPATCH2 3ADB- SB DB TI"
,,,,,42.98,,5,Variation,"Colour=Fire Red + Emerald Green + Deep Blue","EYEPATCH2 3HDB- FR EG DB"
,,,,,42.98,,4,Variation,"Colour=Black + Ice Blue + Titanium","EYEPATCH2 3A- SB IB TI"
,,,,,42.98,,5,Variation,"Colour=Fire Red + Emerald Green + Ice Blue","EYEPATCH2 3H- FR EG IB"
,,,,,21.58,,8,Variation,Colour=Brown,"EYEPATCH 2- EB"
,,,,,22.58,,9,Variation,Colour=Black,"EYEPATCH 2- SB"
,,,,,23.58,,10,Variation,"Colour=24K Gold","EYEPATCH 2- 24K"
,,,,,24.58,,10,Variation,"Colour=Emerald Green","EYEPATCH 2- EG"
,,,,,25.58,,10,Variation,"Colour=Fire Red","EYEPATCH 2- FR"
,,,,,25.58,,9,Variation,"Colour=Ice Blue","EYEPATCH 2- IB"
,,,,,25.58,,10,Variation,"Colour=Deep Blue","EYEPATCH 2- DB"
,,,,,22.58,,10,Variation,Colour=Titanium,"EYEPATCH 2- TI"
Revise,172385421336,"Polarized Replacement Lenses For Oakley Fast Jacket XL Sunglasses - 11 Options",Australia,AUD,,,,,"Colour=24K Gold;Deep Blue;Brown;Emerald Green;Fire Red;Ice Blue;Black;Titanium;Purple;Black + Deep Blue + Titanium;Fire Red + Emerald Green + Deep Blue;Black + Ice Blue + Titanium;Fire Red + Emerald Green + Ice Blue",17199875
,,,,,21.58,,10,Variation,Colour=Brown,"FAST XL- EB"
,,,,,22.58,,0,Variation,Colour=Black,"FAST XL- SB"
,,,,,23.58,,10,Variation,"Colour=24K Gold","FAST XL- 24K"
,,,,,24.58,,10,Variation,"Colour=Emerald Green","FAST XL- EG"
,,,,,25.58,,10,Variation,"Colour=Fire Red","FAST XL- FR"
,,,,,25.58,,0,Variation,"Colour=Ice Blue","FAST XL- IB"
,,,,,25.58,,0,Variation,"Colour=Deep Blue","FAST XL- DB"
,,,,,22.58,,0,Variation,Colour=Titanium,"FAST XL- TI"
,,,,,21.58,,10,Variation,Colour=Purple,"FAST XL- VP"
,,,,,42.98,,0,Variation,"Colour=Black + Deep Blue + Titanium","FAST XL 3ADB- SB DB TI"
,,,,,42.98,,0,Variation,"Colour=Fire Red + Emerald Green + Deep Blue","FAST XL 3HDB- FR EG DB"
,,,,,42.98,,0,Variation,"Colour=Black + Ice Blue + Titanium","FAST XL 3A- SB IB TI-2"
,,,,,42.99,,0,Variation,"Colour=Fire Red + Emerald Green + Ice Blue","FAST XL 3H- FR EG IB-2"
Revise,182327078087,"Polarized Replacement Lenses For Oakley Flak Jacket XLJ Sunglasses - 11 Options",Australia,AUD,,,,,"Colour=24K Gold;Deep Blue;Brown;Emerald Green;Fire Red;Ice Blue;Black;Titanium;Purple;Black + Deep Blue + Titanium;Fire Red + Emerald Green + Deep Blue;Black + Ice Blue + Titanium;Fire Red + Emerald Green + Ice Blue",17199918
,,,,,22.58,,9,Variation,Colour=Black,"FLAKXLJ- SB-3"
,,,,,21.58,,10,Variation,Colour=Brown,"FLAKXLJ- EB-3"
,,,,,23.58,,10,Variation,"Colour=24K Gold","FLAKXLJ- 24K-3"
,,,,,24.58,,10,Variation,"Colour=Emerald Green","FLAKXLJ- EG-3"
,,,,,25.58,,10,Variation,"Colour=Fire Red","FLAKXLJ- FR-3"
,,,,,25.58,,10,Variation,"Colour=Ice Blue","FLAKXLJ- IB-3"
,,,,,25.58,,10,Variation,"Colour=Deep Blue","FLAKXLJ- DB-3"
,,,,,22.58,,10,Variation,Colour=Titanium,"FLAKXLJ- TI-3"
,,,,,21.58,,10,Variation,Colour=Purple,"FLAKXLJ- VP-3"
,,,,,42.98,,10,Variation,"Colour=Black + Deep Blue + Titanium","FLAKXLJ 3ADB- SB DB TI-2"
,,,,,42.98,,10,Variation,"Colour=Fire Red + Emerald Green + Deep Blue","FLAKXLJ 3HDB- FR EG DB-2"
,,,,,43.98,,0,Variation,"Colour=Black + Ice Blue + Titanium","FLAKXLJ 3A- SB IB TI-1"
,,,,,43.98,,0,Variation,"Colour=Fire Red + Emerald Green + Ice Blue","FLAKXLJ 3H- FR EG IB-1"
Revise,172385426334,"Polarized Replacement Lenses For Oakley Fuel Cell Sunglasses - 11 Options",Australia,AUD,,,,,"Colour=24K Gold;Deep Blue;Brown;Emerald Green;Fire Red;Ice Blue;Black;Titanium;Purple;Black + Ice Blue + Titanium;Fire Red + Emerald Green + Ice Blue",17199943
,,,,,21.58,,10,Variation,Colour=Brown,"FUEL CELL- EB"
,,,,,22.58,,0,Variation,Colour=Black,"FUEL CELL- SB"
,,,,,23.58,,10,Variation,"Colour=24K Gold","FUEL CELL- 24K"
,,,,,24.58,,0,Variation,"Colour=Emerald Green","FUEL CELL- EG"
,,,,,25.58,,10,Variation,"Colour=Fire Red","FUEL CELL- FR"
,,,,,25.58,,0,Variation,"Colour=Deep Blue","FUEL CELL- DB"
,,,,,22.58,,9,Variation,Colour=Titanium,"FUEL CELL- TI"
,,,,,21.58,,10,Variation,Colour=Purple,"FUEL CELL- VP"
,,,,,25.58,,0,Variation,"Colour=Ice Blue","FUEL CELL- IB"
,,,,,47.99,,0,Variation,"Colour=Black + Ice Blue + Titanium","FUEL CELL 3A- SB IB TI-2"
,,,,,49.99,,0,Variation,"Colour=Fire Red + Emerald Green + Ice Blue","FUEL CELL 3H- FR EG IB-2"
Revise,172385430460,"Polarized Replacement Lenses For Oakley Gascan Sunglasses - 11 Options",Australia,AUD,,,,,"Colour=24K Gold;Deep Blue;Brown;Emerald Green;Fire Red;Ice Blue;Black;Titanium;Purple;Black + Deep Blue + Titanium;Fire Red + Emerald Green + Deep Blue;Black + Ice Blue + Titanium;Fire Red + Emerald Green + Ice Blue",17199966
,,,,,42.98,,5,Variation,"Colour=Black + Ice Blue + Titanium","GASCAN 3A- SB IB TI-2"
,,,,,42.98,,5,Variation,"Colour=Fire Red + Emerald Green + Ice Blue","GASCAN 3H- FR EG IB-2"
,,,,,22.58,,9,Variation,Colour=Black,"GASCAN- SB"
,,,,,23.58,,1,Variation,"Colour=24K Gold","GASCAN- 24K"
,,,,,24.58,,10,Variation,"Colour=Emerald Green","GASCAN- EG"
,,,,,25.58,,10,Variation,"Colour=Fire Red","GASCAN- FR"
,,,,,25.58,,10,Variation,"Colour=Ice Blue","GASCAN- IB"
,,,,,25.58,,10,Variation,"Colour=Deep Blue","GASCAN- DB"
,,,,,22.58,,10,Variation,Colour=Titanium,"GASCAN- TI"
,,,,,21.58,,10,Variation,Colour=Purple,"GASCAN- VP"
,,,,,42.98,,5,Variation,"Colour=Black + Deep Blue + Titanium","GASCAN 3ADB- SB DB TI-2"
,,,,,42.98,,5,Variation,"Colour=Fire Red + Emerald Green + Deep Blue","GASCAN 3HDB- FR EG DB-2"
,,,,,21.58,,0,Variation,Colour=Brown,"GASCAN- EB"
Revise,182327092256,"Polarized Replacement Lenses For Oakley Half Jacket 2.0 XL Sunglasses -8 Options",Australia,AUD,,,,,"Colour=24K Gold;Brown;Emerald Green;Fire Red;Ice Blue;Black;Titanium;Purple;Black + Ice Blue + Titanium;Fire Red + Emerald Green + Ice Blue",17199994
,,,,,24.58,,2,Variation,"Colour=Emerald Green","HALF2.0XL- EG"
,,,,,25.58,,2,Variation,"Colour=Fire Red","HALF2.0XL- FR"
,,,,,25.58,,2,Variation,"Colour=Ice Blue","HALF2.0XL- IB"
,,,,,22.58,,10,Variation,Colour=Titanium,"HALF2.0XL- TI"
,,,,,21.58,,10,Variation,Colour=Purple,"HALF2.0XL- VP"
,,,,,42.98,,1,Variation,"Colour=Black + Ice Blue + Titanium","HALF2.0XL 3A- SB IB TI"
,,,,,42.98,,1,Variation,"Colour=Fire Red + Emerald Green + Ice Blue","HALF2.0XL 3H- FR EG IB"
,,,,,21.58,,2,Variation,Colour=Brown,"HALF2.0XL- EB"
,,,,,22.58,,10,Variation,Colour=Black,"HALF2.0XL- SB"
,,,,,23.58,,10,Variation,"Colour=24K Gold","HALF2.0XL- 24K"
Revise,172385437564,"Polarized Replacement Lenses For Oakley Holbrook Sunglasses - Multiple Options",Australia,AUD,,,,,"Colour=24K Gold;Deep Blue;Brown;Emerald Green;Fire Red;Ice Blue;Black;Titanium;Purple;Black + Deep Blue + Titanium;Fire Red + Emerald Green + Deep Blue;Black + Ice Blue + Titanium;Fire Red + Emerald Green + Ice Blue",17200041
,,,,,42.98,,1,Variation,"Colour=Black + Ice Blue + Titanium","HOLBROOK 3A- SB IB TI-2"
,,,,,42.98,,2,Variation,"Colour=Fire Red + Emerald Green + Ice Blue","HOLBROOK 3H- FR EG IB-2"
,,,,,21.58,,10,Variation,Colour=Purple,"HOLBROOK- VP"
,,,,,42.98,,2,Variation,"Colour=Black + Deep Blue + Titanium","HOLBROOK 3ADB- SB DB TI-2"
,,,,,25.58,,9,Variation,"Colour=Ice Blue","HOLBROOK- IB"
,,,,,25.58,,2,Variation,"Colour=Deep Blue","HOLBROOK- DB"
,,,,,22.58,,2,Variation,Colour=Titanium,"HOLBROOK- TI"
,,,,,42.98,,2,Variation,"Colour=Fire Red + Emerald Green + Deep Blue","HOLBROOK 3HDB- FR EG DB-2"
,,,,,21.58,,2,Variation,Colour=Brown,"HOLBROOK- EB"
,,,,,22.58,,10,Variation,Colour=Black,"HOLBROOK- SB"
,,,,,23.58,,2,Variation,"Colour=24K Gold","HOLBROOK- 24K"
,,,,,24.58,,2,Variation,"Colour=Emerald Green","HOLBROOK- EG"
,,,,,25.58,,10,Variation,"Colour=Fire Red","HOLBROOK- FR"
Revise,172385440745,"Polarized Replacement Lenses For Oakley Jawbone / Racing Jacket - 11 Options",Australia,AUD,,,,,"Colour=24K Gold;Deep Blue;Brown;Emerald Green;Fire Red;Ice Blue;Black;Titanium;Purple;Black + Deep Blue + Titanium;Fire Red + Emerald Green + Deep Blue;Black + Ice Blue + Titanium;Fire Red + Emerald Green + Ice Blue",17200070
,,,,,21.58,,10,Variation,Colour=Purple,"JAWBONE- VP"
,,,,,42.98,,0,Variation,"Colour=Black + Deep Blue + Titanium","JAWBONE 3ADB- SB DB TI-1"
,,,,,42.98,,0,Variation,"Colour=Fire Red + Emerald Green + Deep Blue","JAWBONE 3HDB- FR EG DB-1"
,,,,,42.98,,0,Variation,"Colour=Black + Ice Blue + Titanium","JAWBONE 3A- SB IB TI-2"
,,,,,42.98,,0,Variation,"Colour=Fire Red + Emerald Green + Ice Blue","JAWBONE 3H- FR EG IB-2"
,,,,,21.58,,10,Variation,Colour=Brown,"JAWBONE- EB"
,,,,,22.58,,10,Variation,Colour=Black,"JAWBONE- SB"
,,,,,23.58,,10,Variation,"Colour=24K Gold","JAWBONE- 24K"
,,,,,24.58,,10,Variation,"Colour=Emerald Green","JAWBONE- EG"
,,,,,25.58,,10,Variation,"Colour=Fire Red","JAWBONE- FR"
,,,,,25.58,,0,Variation,"Colour=Ice Blue","JAWBONE- IB"
,,,,,25.58,,0,Variation,"Colour=Deep Blue","JAWBONE- DB"
,,,,,22.58,,10,Variation,Colour=Titanium,"JAWBONE- TI"
Revise,172385443525,"Polarized Replacement Lenses For Oakley M2 Sunglasses - Multiple Options",Australia,AUD,,,,,"Colour=Brown;Black;24K Gold;Emerald Green;Fire Red;Ice Blue;Deep Blue;Titanium;Purple;Black + Deep Blue + Titanium;Fire Red + Emerald Green + Deep Blue",17200099
,,,,,23.58,,10,Variation,Colour=Brown,"M2- EB"
,,,,,23.58,,10,Variation,Colour=Black,"M2- SB"
,,,,,24.58,,10,Variation,"Colour=24K Gold","M2- 24K"
,,,,,24.58,,10,Variation,"Colour=Emerald Green","M2- EG"
,,,,,26.58,,10,Variation,"Colour=Fire Red","M2- FR"
,,,,,26.58,,0,Variation,"Colour=Ice Blue","M2- IB"
,,,,,25.58,,10,Variation,"Colour=Deep Blue","M2- DB"
,,,,,23.58,,10,Variation,Colour=Titanium,"M2- TI"
,,,,,22.58,,10,Variation,Colour=Purple,"M2- VP"
,,,,,49.98,,10,Variation,"Colour=Black + Deep Blue + Titanium","M2- 3A"
,,,,,49.98,,10,Variation,"Colour=Fire Red + Emerald Green + Deep Blue","M2- 3H"
Revise,172385446394,"Polarized Replacement Lenses For Oakley M Frame Heater - Multiple Options",Australia,AUD,,,,,"Colour=24K Gold;Deep Blue;Brown;Emerald Green;Fire Red;Ice Blue;Black;Titanium;Purple;Black + Deep Blue + Titanium;Fire Red + Emerald Green + Deep Blue",17200130
,,,,,23.58,,10,Variation,Colour=Black,"MF HTR- SB"
,,,,,24.58,,10,Variation,"Colour=24K Gold","MF HTR- 24K"
,,,,,24.58,,10,Variation,"Colour=Emerald Green","MF HTR- EG"
,,,,,26.58,,10,Variation,"Colour=Fire Red","MF HTR- FR"
,,,,,26.58,,0,Variation,"Colour=Ice Blue","MF HTR- IB"
,,,,,23.58,,10,Variation,Colour=Brown,"MF HTR- EB"
,,,,,25.58,,10,Variation,"Colour=Deep Blue","MF HTR- DB"
,,,,,23.58,,10,Variation,Colour=Titanium,"MF HTR- TI"
,,,,,22.58,,10,Variation,Colour=Purple,"MF HTR- VP"
,,,,,49.98,,10,Variation,"Colour=Black + Deep Blue + Titanium","MF HTR 3ADB- SB DB TI-2"
,,,,,49.98,,10,Variation,"Colour=Fire Red + Emerald Green + Deep Blue","MF HTR 3HDB- FR EG DB-2"
Revise,172385449214,"Polarized Replacement Lenses For Oakley M Frame Sweep - Multiple Options",Australia,AUD,,,,,"Colour=24K Gold;Deep Blue;Brown;Emerald Green;Fire Red;Ice Blue;Black;Titanium;Purple;Black + Ice Blue + Titanium;Fire Red + Emerald Green + Ice Blue;Black + Deep Blue + Titanium;Fire Red + Emerald Green + Deep Blue",17200150
,,,,,49.98,,15,Variation,"Colour=Black + Deep Blue + Titanium","MF SWP 3ADB- SB DB TI-2"
,,,,,49.98,,15,Variation,"Colour=Fire Red + Emerald Green + Deep Blue","MF SWP 3HDB- FR EG DB-2"
,,,,,23.58,,15,Variation,Colour=Black,"MF SWP- SB"
,,,,,24.58,,15,Variation,"Colour=24K Gold","MF SWP- 24K"
,,,,,24.58,,15,Variation,"Colour=Emerald Green","MF SWP- EG"
,,,,,26.58,,15,Variation,"Colour=Fire Red","MF SWP- FR"
,,,,,26.58,,15,Variation,"Colour=Ice Blue","MF SWP- IB"
,,,,,25.58,,15,Variation,"Colour=Deep Blue","MF SWP- DB"
,,,,,23.58,,15,Variation,Colour=Titanium,"MF SWP- TI"
,,,,,22.58,,15,Variation,Colour=Purple,"MF SWP- VP"
,,,,,23.58,,15,Variation,Colour=Brown,"MF SWP- EB"
,,,,,49.99,,15,Variation,"Colour=Black + Ice Blue + Titanium","MF SWP 3A- SB IB TI-2"
,,,,,49.99,,15,Variation,"Colour=Fire Red + Emerald Green + Ice Blue","MF SWP 3H- FR EG IB-2"
Revise,172420905074,"Maven Polarized Replacement Lenses for Oakley Batwolf - Multiple Options",US,USD,,,,,"Lens Color=24K Gold;Earth Brown (non mirror);Deep Blue;Emerald Green;Fire Red;Ice Blue;Solid Black (non mirror);Titanium;Violet Purple;Black + Ice Blue + Titanium;Fire Red + Emerald Green + Ice Blue",16819134
,,,,,18.49,,10,Variation,"Lens Color=Solid Black (non mirror)",BATWOLF-SB
,,,,,14.89,,5,Variation,"Lens Color=Earth Brown (non mirror)",BATWOLF-EB
,,,,,17.56,,2,Variation,"Lens Color=24K Gold",BATWOLF-24K
,,,,,18.95,,10,Variation,"Lens Color=Emerald Green",BATWOLF-EG
,,,,,20.89,,10,Variation,"Lens Color=Fire Red",BATWOLF-FR
,,,,,21.89,,10,Variation,"Lens Color=Ice Blue",BATWOLF-IB
,,,,,18.99,,10,Variation,"Lens Color=Titanium",BATWOLF-TI
,,,,,17.99,,3,Variation,"Lens Color=Violet Purple",BATWOLF-VP
,,,,,21.99,,2,Variation,"Lens Color=Deep Blue",BATWOLF-DB-1
,,,,,45.99,,10,Variation,"Lens Color=Black + Ice Blue + Titanium","BATWOLF3A-SB IB TI-1"
,,,,,48.99,,10,Variation,"Lens Color=Fire Red + Emerald Green + Ice Blue","BATWOLF3H- FR EG IB-1"
Revise,172420960372,"Maven Polarized Replacement Lenses for Oakley Eyepatch 2 - Multiple Options",US,USD,,,,,"Lens Color=24K Gold;Deep Blue;Earth Brown (non mirror);Emerald Green;Fire Red;Ice Blue;Solid Black (non mirror);Titanium;Violet Purple;Black + Ice Blue + Titanium;Fire Red + Emerald Green + Ice Blue",16782199
,,,,,20.99,,10,Variation,"Lens Color=Solid Black (non mirror)","EYEPATCH 2- SB-1"
,,,,,14.16,,10,Variation,"Lens Color=Earth Brown (non mirror)","EYEPATCH 2- EB-1"
,,,,,17.59,,15,Variation,"Lens Color=24K Gold","EYEPATCH 2- 24K-1"
,,,,,18.99,,10,Variation,"Lens Color=Emerald Green","EYEPATCH 2- EG-1"
,,,,,21.99,,10,Variation,"Lens Color=Fire Red","EYEPATCH 2- FR-1"
,,,,,22.99,,10,Variation,"Lens Color=Ice Blue","EYEPATCH 2- IB-1"
,,,,,21.99,,10,Variation,"Lens Color=Titanium","EYEPATCH 2- TI-1"
,,,,,18.99,,10,Variation,"Lens Color=Violet Purple","EYEPATCH 2- VP-1"
,,,,,21.99,,10,Variation,"Lens Color=Deep Blue","EYEPATCH 2- DB-1"
,,,,,37.99,,5,Variation,"Lens Color=Black + Ice Blue + Titanium","EYEPATCH23A- SB IB TI-1"
,,,,,39.99,,5,Variation,"Lens Color=Fire Red + Emerald Green + Ice Blue","EYEPATCH23H- FR EG IB-1"
Revise,182365694957,"Maven Replacement Lenses for Oakley Eyepatch 2 Sunglasses - Multiple Options",UK,GBP,,,,,"Lens Colour=24K Gold - Polarized;Deep Blue - Polarized;Brown - Polarized;Emerald Green - Polarized;Fire Red - Polarized;Ice Blue - Polarized;Black - Polarized;Titanium - Polarized;Purple - Polarized;Solid Black + Ice Blue + Titanium;Fire Red + Emerald Green + Ice Blue",16818830
,,,,,9.45,,15,Variation,"Lens Colour=Brown - Polarized",EYEPATCH2-EB
,,,,,14.65,,10,Variation,"Lens Colour=Black - Polarized",EYEPATCH2-SB
,,,,,13.95,,15,Variation,"Lens Colour=24K Gold - Polarized",EYEPATCH2-24K
,,,,,13.23,,15,Variation,"Lens Colour=Emerald Green - Polarized",EYEPATCH2-EG
,,,,,15.99,,15,Variation,"Lens Colour=Fire Red - Polarized",EYEPATCH2-FR
,,,,,15.99,,13,Variation,"Lens Colour=Ice Blue - Polarized",EYEPATCH2-IB
,,,,,14.99,,15,Variation,"Lens Colour=Titanium - Polarized",EYEPATCH2-TI
,,,,,13.99,,10,Variation,"Lens Colour=Purple - Polarized",EYEPATCH2-VP
,,,,,15.56,,15,Variation,"Lens Colour=Deep Blue - Polarized",EYEPATCH2-DB
,,,,,31.99,,5,Variation,"Lens Colour=Solid Black + Ice Blue + Titanium","EYEPATCH23A-SB IB TI"
,,,,,33.99,,5,Variation,"Lens Colour=Fire Red + Emerald Green + Ice Blue","EYEPATCH23H- FR EG IB"
Revise,182366654302,"Maven Polarized Replacement Lenses for Oakley Fast Jacket XL - Multiple Options",US,USD,,,,,"Lens Color=24K Gold;Deep Blue;Earth Brown (non mirror);Emerald Green;Fire Red;Ice Blue;Solid Black (non mirror);Titanium;Violet Purple;Black + Ice Blue + Titanium;Fire Red + Emerald Green + Ice Blue",16782199
,,,,,18.99,,10,Variation,"Lens Color=Violet Purple","FAST XL- VP-1"
,,,,,21.99,,1,Variation,"Lens Color=Deep Blue","FAST XL- DB-1"
,,,,,37.99,,0,Variation,"Lens Color=Black + Ice Blue + Titanium","FAST XL 3A- SB IB TI"
,,,,,39.99,,0,Variation,"Lens Color=Fire Red + Emerald Green + Ice Blue","FAST XL 3H- FR EG IB"
,,,,,14.16,,10,Variation,"Lens Color=Earth Brown (non mirror)","FAST XL- EB-1"
,,,,,17.59,,10,Variation,"Lens Color=24K Gold","FAST XL- 24K-1"
,,,,,20.99,,0,Variation,"Lens Color=Solid Black (non mirror)","FAST XL- SB-1"
,,,,,18.99,,10,Variation,"Lens Color=Emerald Green","FAST XL- EG-1"
,,,,,21.99,,10,Variation,"Lens Color=Fire Red","FAST XL- FR-1"
,,,,,22.99,,0,Variation,"Lens Color=Ice Blue","FAST XL- IB-1"
,,,,,21.99,,0,Variation,"Lens Color=Titanium","FAST XL- TI-1"
Revise,172422223855,"Maven Replacement Lenses for Oakley Half Jacket 2.0 XL - Multiple Options",US,USD,,,,,"Lens Color=24K Gold - Polarized;Brown - Polarized;Emerald Green - Polarized;Fire Red - Polarized;Ice Blue - Polarized;Black - Polarized;Titanium - Polarized;Violet Purple - Polarized",16818797
,,,,,12.16,,2,Variation,"Lens Color=Brown - Polarized","HALF20XL- EB"
,,,,,15.23,,15,Variation,"Lens Color=Black - Polarized","HALF20XL- SB"
,,,,,15.19,,5,Variation,"Lens Color=24K Gold - Polarized","HALF20XL- 24K"
,,,,,16.18,,2,Variation,"Lens Color=Emerald Green - Polarized","HALF20XL- EG"
,,,,,16.99,,2,Variation,"Lens Color=Fire Red - Polarized","HALF20XL- FR"
,,,,,16.99,,15,Variation,"Lens Color=Ice Blue - Polarized","HALF20XL- IB"
,,,,,16.89,,14,Variation,"Lens Color=Titanium - Polarized","HALF20XL- TI"
,,,,,16.59,,14,Variation,"Lens Color=Violet Purple - Polarized","HALF20XL- VP"
Revise,182366906000,"Maven Polarized Replacement Lenses for Oakley M2 Sunglasses - Multiple Options",UK,GBP,,,,,"Lens Colour=24K Gold - Polarized;Deep Blue - Polarized;Brown - Polarized;Emerald Green - Polarized;Fire Red - Polarized;Ice Blue - Polarized;Black - Polarized;Titanium - Polarized;Purple - Polarized;Solid Black + Deep Blue + Titanium;Fire Red + Emerald Green + Deep Blue",16819033
,,,,,11.41,,15,Variation,"Lens Colour=Brown - Polarized","M2- EB-1"
,,,,,16.99,,15,Variation,"Lens Colour=Black - Polarized","M2- SB-1"
,,,,,13.95,,15,Variation,"Lens Colour=24K Gold - Polarized","M2- 24K-1"
,,,,,13.99,,15,Variation,"Lens Colour=Emerald Green - Polarized","M2- EG-1"
,,,,,16.99,,15,Variation,"Lens Colour=Fire Red - Polarized","M2- FR-1"
,,,,,17.99,,0,Variation,"Lens Colour=Ice Blue - Polarized","M2- IB-1"
,,,,,14.99,,15,Variation,"Lens Colour=Titanium - Polarized","M2- TI-1"
,,,,,13.55,,15,Variation,"Lens Colour=Purple - Polarized","M2- VP-1"
,,,,,15.99,,15,Variation,"Lens Colour=Deep Blue - Polarized","M2- DB-1"
,,,,,28.99,,15,Variation,"Lens Colour=Solid Black + Deep Blue + Titanium","M2 3ADB- SB DB TI"
,,,,,29.99,,15,Variation,"Lens Colour=Fire Red + Emerald Green + Deep Blue","M2 3HDB- FR EG DB"
Revise,171851403217,"Maven Polarized Replacement Lenses for Oakley M Frame Heater - Multiple Options",US,USD,,,,,"Lens Color=24K Gold;Deep Blue;Earth Brown (non mirror);Emerald Green;Fire Red;Ice Blue;Solid Black (non mirror);Titanium;Violet Purple;Black + Deep Blue + Titanium;Fire Red + Emerald Green + Deep Blue",16818752
,,,,,37.99,,15,Variation,"Lens Color=Black + Deep Blue + Titanium","MF HTR 3ADB- SB DB TI"
,,,,,39.99,,15,Variation,"Lens Color=Fire Red + Emerald Green + Deep Blue","MF HTR 3HDB- FR EG DB"
,,,,,21.99,,15,Variation,"Lens Color=Deep Blue","MF HTR- DB-2"
,,,,,18.59,,15,Variation,"Lens Color=Solid Black (non mirror)","MF HTR- SB-2"
,,,,,15.58,,15,Variation,"Lens Color=Earth Brown (non mirror)","MF HTR- EB-2"
,,,,,19.98,,15,Variation,"Lens Color=24K Gold","MF HTR- 24K-2"
,,,,,20.26,,15,Variation,"Lens Color=Emerald Green","MF HTR- EG-2"
,,,,,22.69,,15,Variation,"Lens Color=Fire Red","MF HTR- FR-2"
,,,,,22.99,,0,Variation,"Lens Color=Ice Blue","MF HTR- IB-2"
,,,,,19.87,,15,Variation,"Lens Color=Titanium","MF HTR- TI-2"
,,,,,18.98,,15,Variation,"Lens Color=Violet Purple","MF HTR- VP-2"
Revise,171851403220,"Maven Polarized Replacement Lenses for Oakley M Frame Sweep - Multiple Options",US,USD,,,,,"Lens Color=24K Gold;Deep Blue;Earth Brown (non mirror);Emerald Green;Fire Red;Ice Blue;Solid Black (non mirror);Titanium;Violet Purple;Black + Deep Blue + Titanium;Fire Red + Emerald Green + Deep Blue;Black + Ice Blue + Titanium;Fire Red + Emerald Green + Ice Blue",16818810
,,,,,22.99,,15,Variation,"Lens Color=Deep Blue","MF SWP- DB-2"
,,,,,42.99,,15,Variation,"Lens Color=Black + Deep Blue + Titanium","MF SWP 3ADB- SB DB TI"
,,,,,49.99,,15,Variation,"Lens Color=Fire Red + Emerald Green + Deep Blue","MF SWP 3HDB- FR EG DB"
,,,,,45.99,,15,Variation,"Lens Color=Black + Ice Blue + Titanium","MF SWP 3A- SB IB TI"
,,,,,49.99,,15,Variation,"Lens Color=Fire Red + Emerald Green + Ice Blue","MF SWP 3H- FR EG IB"
,,,,,21.99,,15,Variation,"Lens Color=Solid Black (non mirror)","MF SWP- SB-2"
,,,,,15.99,,15,Variation,"Lens Color=Earth Brown (non mirror)","MF SWP- EB-2"
,,,,,17.99,,15,Variation,"Lens Color=24K Gold","MF SWP- 24K-2"
,,,,,19.99,,14,Variation,"Lens Color=Emerald Green","MF SWP- EG-2"
,,,,,21.99,,14,Variation,"Lens Color=Fire Red","MF SWP- FR-2"
,,,,,22.99,,15,Variation,"Lens Color=Ice Blue","MF SWP- IB-2"
,,,,,21.99,,15,Variation,"Lens Color=Titanium","MF SWP- TI-2"
,,,,,19.99,,15,Variation,"Lens Color=Violet Purple","MF SWP- VP-2"
Revise,171851403223,"Maven Polarized Replacement Lenses for Oakley Radar Path - Multiple Options",US,USD,,,,,"Lens Color=24K Gold;Earth Brown (non mirror);Emerald Green;Fire Red;Ice Blue;Solid Black (non mirror);Titanium;Violet Purple;Solid Black + Ice Blue + Titanium;Fire Red + Emerald Green + Ice Blue",16782198
,,,,,37.99,,0,Variation,"Lens Color=Solid Black + Ice Blue + Titanium","RADAR PATH 3A- SB IB TI"
,,,,,39.99,,0,Variation,"Lens Color=Fire Red + Emerald Green + Ice Blue","RADAR PATH 3H- FR EG IB"
,,,,,18.99,,0,Variation,"Lens Color=Solid Black (non mirror)","RADAR PATH- SB-1"
,,,,,12.65,,15,Variation,"Lens Color=Earth Brown (non mirror)","RADAR PATH- EB-1"
,,,,,14.65,,15,Variation,"Lens Color=24K Gold","RADAR PATH- 24K-1"
,,,,,20.99,,0,Variation,"Lens Color=Fire Red","RADAR PATH- FR-1"
,,,,,21.99,,0,Variation,"Lens Color=Ice Blue","RADAR PATH- IB-1"
,,,,,19.99,,15,Variation,"Lens Color=Titanium","RADAR PATH- TI-1"
,,,,,17.99,,14,Variation,"Lens Color=Violet Purple","RADAR PATH- VP-1"
,,,,,17.57,,0,Variation,"Lens Color=Emerald Green","RADAR PATH- EG-1"
Revise,181796041273,"Maven Polarized Replacement Lenses for Oakley Jawbone Vented - Multiple Options",US,USD,,,,,"Lens Color=24K Gold;Earth Brown (non mirror);Emerald Green;Fire Red;Ice Blue;Solid Black (non mirror);Titanium;Violet Purple;Black + Ice Blue + Titanium;Fire Red + Emerald Green + Ice Blue",16819133
,,,,,34.99,,0,Variation,"Lens Color=Black + Ice Blue + Titanium","JAWBONE 3A- SB IB TI"
,,,,,34.99,,0,Variation,"Lens Color=Fire Red + Emerald Green + Ice Blue","JAWBONE 3H- FR EG IB"
,,,,,16.53,,15,Variation,"Lens Color=Solid Black (non mirror)","JAWBONE- SB-2"
,,,,,12.16,,15,Variation,"Lens Color=Earth Brown (non mirror)","JAWBONE- EB-2"
,,,,,16.19,,15,Variation,"Lens Color=24K Gold","JAWBONE- 24K-2"
,,,,,16.99,,15,Variation,"Lens Color=Emerald Green","JAWBONE- EG-2"
,,,,,17.99,,14,Variation,"Lens Color=Fire Red","JAWBONE- FR-2"
,,,,,18.99,,0,Variation,"Lens Color=Ice Blue","JAWBONE- IB-2"
,,,,,17.83,,15,Variation,"Lens Color=Titanium","JAWBONE- TI-2"
,,,,,17.59,,15,Variation,"Lens Color=Violet Purple","JAWBONE- VP-2"
Revise,171851403256,"Maven Polarized Replacement Lenses for Oakley Dispatch 2 - Multiple Options",US,USD,,,,,"Lens Color=24K Gold;Deep Blue;Earth Brown (non mirror);Emerald Green;Fire Red;Ice Blue;Solid Black (non mirror);Titanium;Violet Purple;Black + Ice Blue + Titanium;Fire Red + Emerald Green + Ice Blue",16782199
,,,,,21.99,,10,Variation,"Lens Color=Deep Blue",DISPATCH2-DB
,,,,,37.99,,0,Variation,"Lens Color=Black + Ice Blue + Titanium","DISPATCH2 3A- SB IB TI-2"
,,,,,39.99,,0,Variation,"Lens Color=Fire Red + Emerald Green + Ice Blue","DISPATCH2 3H- FR EG IB-2"
,,,,,20.99,,14,Variation,"Lens Color=Solid Black (non mirror)",DISPATCH2-SB
,,,,,14.16,,0,Variation,"Lens Color=Earth Brown (non mirror)",DISPATCH2-EB
,,,,,17.59,,15,Variation,"Lens Color=24K Gold",DISPATCH2-24K
,,,,,18.99,,15,Variation,"Lens Color=Emerald Green",DISPATCH2-EG
,,,,,21.99,,14,Variation,"Lens Color=Fire Red",DISPATCH2-FR
,,,,,22.99,,0,Variation,"Lens Color=Ice Blue",DISPATCH2-IB
,,,,,21.99,,14,Variation,"Lens Color=Titanium",DISPATCH2-TI
,,,,,18.99,,13,Variation,"Lens Color=Violet Purple",DISPATCH2-VP
Revise,171851403261,"Maven Polarized Replacement Lenses for Oakley Holbrook - Multiple Options",US,USD,,,,,"Lens Color=24K Gold;Deep Blue;Earth Brown (non mirror);Emerald Green;Fire Red;Ice Blue;Solid Black (non mirror);Titanium;Violet Purple;Black + Deep Blue + Titanium;Fire Red + Emerald Green + Deep Blue;Black + Ice Blue + Titanium;Fire Red + Emerald Green + Ice Blue",16782197
,,,,,20.99,,3,Variation,"Lens Color=Deep Blue","HOLBROOK- DB-1"
,,,,,34.99,,2,Variation,"Lens Color=Black + Deep Blue + Titanium","HOLBROOK 3ADB- SB DB TI"
,,,,,38.99,,2,Variation,"Lens Color=Fire Red + Emerald Green + Deep Blue","HOLBROOK 3HDB- FR EG DB"
,,,,,34.99,,1,Variation,"Lens Color=Black + Ice Blue + Titanium","HOLBROOK 3A- SB IB TI"
,,,,,39.99,,3,Variation,"Lens Color=Fire Red + Emerald Green + Ice Blue","HOLBROOK 3H- FR EG IB"
,,,,,19.85,,14,Variation,"Lens Color=Solid Black (non mirror)","HOLBROOK- SB-3"
,,,,,12.26,,15,Variation,"Lens Color=Earth Brown (non mirror)","HOLBROOK- EB-3"
,,,,,15.78,,14,Variation,"Lens Color=24K Gold","HOLBROOK- 24K-3"
,,,,,15.58,,14,Variation,"Lens Color=Emerald Green","HOLBROOK- EG-3"
,,,,,17.89,,15,Variation,"Lens Color=Fire Red","HOLBROOK- FR-3"
,,,,,19.98,,15,Variation,"Lens Color=Ice Blue","HOLBROOK- IB-3"
,,,,,19.79,,15,Variation,"Lens Color=Titanium","HOLBROOK- TI-3"
,,,,,15.48,,15,Variation,"Lens Color=Violet Purple","HOLBROOK- VP-3"
Revise,181796041427,"Maven Polarized Replacement Lenses for Oakley Oil Rig - Multiple Options",US,USD,,,,,"Lens Color=24K Gold;Earth Brown (non mirror);Emerald Green;Fire Red;Ice Blue;Solid Black (non mirror);Titanium;Violet Purple;Black + Ice Blue + Titanium;Fire Red + Emerald Green + Ice Blue",16818772
,,,,,16.76,,15,Variation,"Lens Color=Emerald Green","OIL RIG- EG-1"
,,,,,19.99,,15,Variation,"Lens Color=Fire Red","OIL RIG- FR-1"
,,,,,21.89,,10,Variation,"Lens Color=Ice Blue","OIL RIG- IB-1"
,,,,,17.96,,15,Variation,"Lens Color=Titanium","OIL RIG- TI-1"
,,,,,18.49,,15,Variation,"Lens Color=Solid Black (non mirror)","OIL RIG- SB-1"
,,,,,14.89,,15,Variation,"Lens Color=Earth Brown (non mirror)","OIL RIG- EB-1"
,,,,,15.89,,0,Variation,"Lens Color=24K Gold","OIL RIG- 24K-1"
,,,,,17.99,,15,Variation,"Lens Color=Violet Purple","OIL RIG- VP-1"
,,,,,34.99,,10,Variation,"Lens Color=Black + Ice Blue + Titanium","OIL RIG 3A- SB IB TI"
,,,,,38.99,,10,Variation,"Lens Color=Fire Red + Emerald Green + Ice Blue","OIL RIG 3H- FR EG IB"
Revise,181796041435,"Maven Polarized Replacement Lenses for Oakley Offshoot - Multiple Options",US,USD,,,,,"Lens Color=24K Gold;Earth Brown (non mirror);Emerald Green;Fire Red;Ice Blue;Solid Black (non mirror);Titanium;Violet Purple;Black + Ice Blue + Titanium;Fire Red + Emerald Green + Ice Blue",16819134
,,,,,21.89,,15,Variation,"Lens Color=Ice Blue","OFFSHOOT- IB-2"
,,,,,17.96,,15,Variation,"Lens Color=Titanium","OFFSHOOT- TI-2"
,,,,,16.76,,15,Variation,"Lens Color=Emerald Green","OFFSHOOT- EG-2"
,,,,,19.99,,15,Variation,"Lens Color=Fire Red","OFFSHOOT- FR-2"
,,,,,17.99,,15,Variation,"Lens Color=Violet Purple","OFFSHOOT- VP-2"
,,,,,18.49,,15,Variation,"Lens Color=Solid Black (non mirror)","OFFSHOOT- SB-2"
,,,,,14.89,,0,Variation,"Lens Color=Earth Brown (non mirror)","OFFSHOOT- EB-2"
,,,,,15.89,,15,Variation,"Lens Color=24K Gold","OFFSHOOT- 24K-2"
,,,,,34.99,,15,Variation,"Lens Color=Black + Ice Blue + Titanium","OFFSHOOT 3A- SB IB TI"
,,,,,34.99,,15,Variation,"Lens Color=Fire Red + Emerald Green + Ice Blue","OFFSHOOT 3H- FR EG IB"
